Symbol,Contract,Type,Entry Time,Exit Time,Duration,Bars in Trade,Strike Pair,Lot Size,Net Credit (₹),Capital Employed (₹),Exit Reason,PnL (₹),PnL (%)
SENSEX,SENSEX SPOT,CE_SPREAD,2025-08-26 10:00:00,2025-08-28 09:21:00,1 days 23:21:00,112,81100.0 / 81300.0,20,102.7,4000.0,Target Hit (50% Premium Decay),1171.0,29.27
SENSEX,SENSEX SPOT,CE_SPREAD,2025-08-26 10:03:00,2025-08-28 09:21:00,1 days 23:18:00,111,81000.0 / 81200.0,20,110.45,4000.0,Target Hit (50% Premium Decay),1245.0,31.13
SENSEX,SENSEX SPOT,CE_SPREAD,2025-08-26 10:06:00,2025-08-28 09:15:00,1 days 23:09:00,108,81100.0 / 81300.0,20,106.85,4000.0,Target Hit (50% Premium Decay),1080.0,27.0
SENSEX,SENSEX SPOT,CE_SPREAD,2025-08-28 09:18:00,2025-09-01 09:15:00,3 days 23:57:00,249,80300.0 / 80500.0,20,106.85,4000.0,Time Stop (Max 3 Days Hit),401.0,10.02
SENSEX,SENSEX SPOT,CE_SPREAD,2025-08-28 09:42:00,2025-09-01 09:15:00,3 days 23:33:00,241,80300.0 / 80500.0,20,102.1,4000.0,Time Stop (Max 3 Days Hit),306.0,7.65
SENSEX,SENSEX SPOT,CE_SPREAD,2025-08-28 09:45:00,2025-09-01 09:15:00,3 days 23:30:00,240,80300.0 / 80500.0,20,102.55,4000.0,Time Stop (Max 3 Days Hit),315.0,7.87
SENSEX,SENSEX SPOT,PE_SPREAD,2025-09-02 09:24:00,2025-09-02 12:33:00,0 days 03:09:00,63,80400.0 / 80200.0,20,76.15,4000.0,Target Hit (50% Premium Decay),781.0,19.53
SENSEX,SENSEX SPOT,PE_SPREAD,2025-09-02 09:30:00,2025-09-02 13:54:00,0 days 04:24:00,88,80500.0 / 80300.0,20,72.7,4000.0,SL Hit (40% Premium Appreciation),-725.0,-18.12
SENSEX,SENSEX SPOT,PE_SPREAD,2025-09-02 10:15:00,2025-09-02 13:45:00,0 days 03:30:00,70,80700.0 / 80500.0,20,79.65,4000.0,SL Hit (40% Premium Appreciation),-688.0,-17.2
SENSEX,SENSEX SPOT,CE_SPREAD,2025-09-03 09:18:00,2025-09-03 12:12:00,0 days 02:54:00,58,80100.0 / 80300.0,20,85.4,4000.0,SL Hit (40% Premium Appreciation),-721.0,-18.03
SENSEX,SENSEX SPOT,CE_SPREAD,2025-09-03 09:27:00,2025-09-03 14:30:00,0 days 05:03:00,101,80200.0 / 80400.0,20,89.1,4000.0,SL Hit (40% Premium Appreciation),-805.0,-20.12
SENSEX,SENSEX SPOT,CE_SPREAD,2025-09-03 09:30:00,2025-09-03 12:24:00,0 days 02:54:00,58,80200.0 / 80400.0,20,78.4,4000.0,SL Hit (40% Premium Appreciation),-667.0,-16.67
SENSEX,SENSEX SPOT,PE_SPREAD,2025-09-04 09:48:00,2025-09-04 10:39:00,0 days 00:51:00,17,81200.0 / 81000.0,20,75.95,4000.0,SL Hit (40% Premium Appreciation),-692.0,-17.3
SENSEX,SENSEX SPOT,PE_SPREAD,2025-09-04 09:54:00,2025-09-04 10:39:00,0 days 00:45:00,15,81200.0 / 81000.0,20,76.3,4000.0,SL Hit (40% Premium Appreciation),-685.0,-17.12
SENSEX,SENSEX SPOT,PE_SPREAD,2025-09-04 10:03:00,2025-09-04 14:00:00,0 days 03:57:00,79,81200.0 / 81000.0,20,80.45,4000.0,SL Hit (40% Premium Appreciation),-736.0,-18.4
SENSEX,SENSEX SPOT,PE_SPREAD,2025-09-08 09:27:00,2025-09-08 15:27:00,0 days 06:00:00,120,80900.0 / 80700.0,20,81.1,4000.0,Monday Pre-Expiry Auto Square-Off,68.0,1.7
SENSEX,SENSEX SPOT,PE_SPREAD,2025-09-08 09:54:00,2025-09-08 15:27:00,0 days 05:33:00,111,80900.0 / 80700.0,20,76.1,4000.0,Monday Pre-Expiry Auto Square-Off,-32.0,-0.8
SENSEX,SENSEX SPOT,PE_SPREAD,2025-09-08 09:57:00,2025-09-08 15:27:00,0 days 05:30:00,110,80900.0 / 80700.0,20,76.0,4000.0,Monday Pre-Expiry Auto Square-Off,-34.0,-0.85
SENSEX,SENSEX SPOT,PE_SPREAD,2025-09-10 09:57:00,2025-09-11 13:06:00,1 days 03:09:00,188,81500.0 / 81300.0,20,74.85,4000.0,Target Hit (50% Premium Decay),752.0,18.8
SENSEX,SENSEX SPOT,PE_SPREAD,2025-09-10 10:12:00,2025-09-11 13:27:00,1 days 03:15:00,190,81500.0 / 81300.0,20,74.45,4000.0,Target Hit (50% Premium Decay),902.0,22.55
SENSEX,SENSEX SPOT,PE_SPREAD,2025-09-10 10:15:00,2025-09-11 13:27:00,1 days 03:12:00,189,81500.0 / 81300.0,20,72.55,4000.0,Target Hit (50% Premium Decay),864.0,21.6
SENSEX,SENSEX SPOT,PE_SPREAD,2025-09-15 12:18:00,2025-09-15 15:27:00,0 days 03:09:00,63,81900.0 / 81700.0,20,73.2,4000.0,Monday Pre-Expiry Auto Square-Off,-59.0,-1.47
SENSEX,SENSEX SPOT,PE_SPREAD,2025-09-15 12:24:00,2025-09-15 15:27:00,0 days 03:03:00,61,81900.0 / 81700.0,20,71.25,4000.0,Monday Pre-Expiry Auto Square-Off,-98.0,-2.45
SENSEX,SENSEX SPOT,PE_SPREAD,2025-09-15 12:30:00,2025-09-15 15:27:00,0 days 02:57:00,59,81900.0 / 81700.0,20,72.0,4000.0,Monday Pre-Expiry Auto Square-Off,-83.0,-2.07
SENSEX,SENSEX SPOT,PE_SPREAD,2025-09-16 10:24:00,2025-09-17 09:15:00,0 days 22:51:00,102,82100.0 / 81900.0,20,70.85,4000.0,Target Hit (50% Premium Decay),926.0,23.15
SENSEX,SENSEX SPOT,PE_SPREAD,2025-09-16 10:27:00,2025-09-17 09:15:00,0 days 22:48:00,101,82100.0 / 81900.0,20,71.6,4000.0,Target Hit (50% Premium Decay),941.0,23.53
SENSEX,SENSEX SPOT,PE_SPREAD,2025-09-16 10:33:00,2025-09-17 09:15:00,0 days 22:42:00,99,82100.0 / 81900.0,20,71.25,4000.0,Target Hit (50% Premium Decay),934.0,23.35
SENSEX,SENSEX SPOT,PE_SPREAD,2025-09-17 09:30:00,2025-09-18 09:15:00,0 days 23:45:00,120,82600.0 / 82400.0,20,68.9,4000.0,Target Hit (50% Premium Decay),1159.0,28.97
SENSEX,SENSEX SPOT,PE_SPREAD,2025-09-17 09:48:00,2025-09-18 09:15:00,0 days 23:27:00,114,82700.0 / 82500.0,20,78.2,4000.0,Target Hit (50% Premium Decay),1225.0,30.62
SENSEX,SENSEX SPOT,PE_SPREAD,2025-09-17 09:51:00,2025-09-18 09:15:00,0 days 23:24:00,113,82600.0 / 82400.0,20,62.6,4000.0,Target Hit (50% Premium Decay),1033.0,25.82
SENSEX,SENSEX SPOT,PE_SPREAD,2025-09-18 09:48:00,2025-09-19 09:15:00,0 days 23:27:00,114,83100.0 / 82900.0,20,74.35,4000.0,SL Hit (40% Premium Appreciation),-694.0,-17.35
SENSEX,SENSEX SPOT,PE_SPREAD,2025-09-18 10:09:00,2025-09-19 09:24:00,0 days 23:15:00,110,83100.0 / 82900.0,20,77.9,4000.0,SL Hit (40% Premium Appreciation),-697.0,-17.43
SENSEX,SENSEX SPOT,CE_SPREAD,2025-09-22 09:48:00,2025-09-22 15:27:00,0 days 05:39:00,113,82500.0 / 82700.0,20,105.5,4000.0,Monday Pre-Expiry Auto Square-Off,721.0,18.02
SENSEX,SENSEX SPOT,CE_SPREAD,2025-09-22 09:51:00,2025-09-22 15:27:00,0 days 05:36:00,112,82500.0 / 82700.0,20,105.2,4000.0,Monday Pre-Expiry Auto Square-Off,715.0,17.88
SENSEX,SENSEX SPOT,CE_SPREAD,2025-09-22 09:54:00,2025-09-22 15:27:00,0 days 05:33:00,111,82500.0 / 82700.0,20,110.65,4000.0,Monday Pre-Expiry Auto Square-Off,824.0,20.6
SENSEX,SENSEX SPOT,CE_SPREAD,2025-09-23 09:18:00,2025-09-23 11:15:00,0 days 01:57:00,39,82200.0 / 82400.0,20,115.65,4000.0,Target Hit (50% Premium Decay),1183.0,29.57
SENSEX,SENSEX SPOT,CE_SPREAD,2025-09-23 09:24:00,2025-09-24 09:15:00,0 days 23:51:00,122,82200.0 / 82400.0,20,108.7,4000.0,Target Hit (50% Premium Decay),1203.0,30.07
SENSEX,SENSEX SPOT,CE_SPREAD,2025-09-23 09:27:00,2025-09-24 09:18:00,0 days 23:51:00,122,82200.0 / 82400.0,20,94.95,4000.0,Target Hit (50% Premium Decay),1020.0,25.5
SENSEX,SENSEX SPOT,CE_SPREAD,2025-09-24 10:06:00,2025-09-25 09:15:00,0 days 23:09:00,108,81900.0 / 82100.0,20,92.8,4000.0,Target Hit (50% Premium Decay),1176.0,29.4
SENSEX,SENSEX SPOT,CE_SPREAD,2025-09-24 10:09:00,2025-09-25 09:15:00,0 days 23:06:00,107,81900.0 / 82100.0,20,91.05,4000.0,Target Hit (50% Premium Decay),1141.0,28.52
SENSEX,SENSEX SPOT,CE_SPREAD,2025-09-24 10:12:00,2025-09-25 09:15:00,0 days 23:03:00,106,81900.0 / 82100.0,20,85.3,4000.0,Target Hit (50% Premium Decay),1026.0,25.65
SENSEX,SENSEX SPOT,CE_SPREAD,2025-09-25 09:21:00,2025-09-26 09:15:00,0 days 23:54:00,123,81700.0 / 81900.0,20,117.4,4000.0,Target Hit (50% Premium Decay),1382.0,34.55
SENSEX,SENSEX SPOT,CE_SPREAD,2025-09-25 09:24:00,2025-09-25 15:27:00,0 days 06:03:00,121,81800.0 / 82000.0,20,108.95,4000.0,Target Hit (50% Premium Decay),1099.0,27.47
SENSEX,SENSEX SPOT,CE_SPREAD,2025-09-25 09:30:00,2025-09-26 09:15:00,0 days 23:45:00,120,81700.0 / 81900.0,20,112.65,4000.0,Target Hit (50% Premium Decay),1287.0,32.17
SENSEX,SENSEX SPOT,CE_SPREAD,2025-09-29 12:00:00,2025-09-29 15:27:00,0 days 03:27:00,69,80400.0 / 80600.0,20,112.75,4000.0,Monday Pre-Expiry Auto Square-Off,-109.0,-2.72
SENSEX,SENSEX SPOT,CE_SPREAD,2025-09-29 12:03:00,2025-09-29 15:27:00,0 days 03:24:00,68,80400.0 / 80600.0,20,116.25,4000.0,Monday Pre-Expiry Auto Square-Off,-39.0,-0.97
SENSEX,SENSEX SPOT,CE_SPREAD,2025-09-29 12:09:00,2025-09-29 15:27:00,0 days 03:18:00,66,80400.0 / 80600.0,20,107.25,4000.0,Monday Pre-Expiry Auto Square-Off,-219.0,-5.47
SENSEX,SENSEX SPOT,PE_SPREAD,2025-10-06 09:24:00,2025-10-06 11:27:00,0 days 02:03:00,41,81300.0 / 81100.0,20,83.9,4000.0,Target Hit (50% Premium Decay),849.0,21.22
SENSEX,SENSEX SPOT,PE_SPREAD,2025-10-06 09:27:00,2025-10-06 11:21:00,0 days 01:54:00,38,81200.0 / 81000.0,20,76.45,4000.0,Target Hit (50% Premium Decay),768.0,19.2
SENSEX,SENSEX SPOT,PE_SPREAD,2025-10-06 09:30:00,2025-10-06 11:18:00,0 days 01:48:00,36,81200.0 / 81000.0,20,76.5,4000.0,Target Hit (50% Premium Decay),765.0,19.12
SENSEX,SENSEX SPOT,PE_SPREAD,2025-10-06 11:21:00,2025-10-06 15:27:00,0 days 04:06:00,82,81600.0 / 81400.0,20,77.15,4000.0,Monday Pre-Expiry Auto Square-Off,618.0,15.45
SENSEX,SENSEX SPOT,PE_SPREAD,2025-10-06 11:36:00,2025-10-06 15:27:00,0 days 03:51:00,77,81600.0 / 81400.0,20,74.05,4000.0,Monday Pre-Expiry Auto Square-Off,556.0,13.9
SENSEX,SENSEX SPOT,PE_SPREAD,2025-10-06 11:39:00,2025-10-06 15:27:00,0 days 03:48:00,76,81600.0 / 81400.0,20,71.1,4000.0,Monday Pre-Expiry Auto Square-Off,497.0,12.43
SENSEX,SENSEX SPOT,PE_SPREAD,2025-10-07 09:21:00,2025-10-07 13:15:00,0 days 03:54:00,78,81800.0 / 81600.0,20,59.7,4000.0,Target Hit (50% Premium Decay),629.0,15.73
SENSEX,SENSEX SPOT,PE_SPREAD,2025-10-07 09:24:00,2025-10-07 13:15:00,0 days 03:51:00,77,81900.0 / 81700.0,20,74.45,4000.0,Target Hit (50% Premium Decay),777.0,19.43
SENSEX,SENSEX SPOT,PE_SPREAD,2025-10-07 09:30:00,2025-10-07 13:39:00,0 days 04:09:00,83,81900.0 / 81700.0,20,68.7,4000.0,Target Hit (50% Premium Decay),706.0,17.65
SENSEX,SENSEX SPOT,CE_SPREAD,2025-10-14 10:03:00,2025-10-15 10:51:00,1 days 00:48:00,141,82200.0 / 82400.0,20,110.25,4000.0,SL Hit (40% Premium Appreciation),-952.0,-23.8
SENSEX,SENSEX SPOT,CE_SPREAD,2025-10-14 10:15:00,2025-10-15 10:51:00,1 days 00:36:00,137,82200.0 / 82400.0,20,110.3,4000.0,SL Hit (40% Premium Appreciation),-951.0,-23.78
SENSEX,SENSEX SPOT,CE_SPREAD,2025-10-14 10:18:00,2025-10-15 10:51:00,1 days 00:33:00,136,82200.0 / 82400.0,20,108.55,4000.0,SL Hit (40% Premium Appreciation),-986.0,-24.65
SENSEX,SENSEX SPOT,PE_SPREAD,2025-10-15 10:51:00,2025-10-16 09:15:00,0 days 22:24:00,93,82400.0 / 82200.0,20,51.25,4000.0,Target Hit (50% Premium Decay),759.0,18.98
SENSEX,SENSEX SPOT,PE_SPREAD,2025-10-15 10:54:00,2025-10-16 09:15:00,0 days 22:21:00,92,82500.0 / 82300.0,20,62.95,4000.0,Target Hit (50% Premium Decay),902.0,22.55
SENSEX,SENSEX SPOT,PE_SPREAD,2025-10-15 11:06:00,2025-10-16 09:15:00,0 days 22:09:00,88,82500.0 / 82300.0,20,67.65,4000.0,Target Hit (50% Premium Decay),996.0,24.9
SENSEX,SENSEX SPOT,PE_SPREAD,2025-10-16 09:42:00,2025-10-17 10:06:00,1 days 00:24:00,133,82900.0 / 82700.0,20,58.95,4000.0,Target Hit (50% Premium Decay),602.0,15.05
SENSEX,SENSEX SPOT,PE_SPREAD,2025-10-16 09:45:00,2025-10-17 10:09:00,1 days 00:24:00,133,83000.0 / 82800.0,20,64.85,4000.0,Target Hit (50% Premium Decay),661.0,16.52
SENSEX,SENSEX SPOT,PE_SPREAD,2025-10-16 09:54:00,2025-10-17 10:09:00,1 days 00:15:00,130,83000.0 / 82800.0,20,65.35,4000.0,Target Hit (50% Premium Decay),671.0,16.78
SENSEX,SENSEX SPOT,PE_SPREAD,2025-10-20 09:42:00,2025-10-20 15:27:00,0 days 05:45:00,115,84500.0 / 84300.0,20,87.6,4000.0,Monday Pre-Expiry Auto Square-Off,301.0,7.52
SENSEX,SENSEX SPOT,PE_SPREAD,2025-10-20 09:45:00,2025-10-20 15:27:00,0 days 05:42:00,114,84400.0 / 84200.0,20,86.25,4000.0,Monday Pre-Expiry Auto Square-Off,475.0,11.87
SENSEX,SENSEX SPOT,PE_SPREAD,2025-10-20 09:48:00,2025-10-20 15:27:00,0 days 05:39:00,113,84300.0 / 84100.0,20,84.2,4000.0,Monday Pre-Expiry Auto Square-Off,635.0,15.88
SENSEX,SENSEX SPOT,PE_SPREAD,2025-10-23 09:54:00,2025-10-23 15:06:00,0 days 05:12:00,104,85100.0 / 84900.0,20,74.4,4000.0,SL Hit (40% Premium Appreciation),-727.0,-18.18
SENSEX,SENSEX SPOT,PE_SPREAD,2025-10-23 09:57:00,2025-10-23 14:18:00,0 days 04:21:00,87,85100.0 / 84900.0,20,70.9,4000.0,SL Hit (40% Premium Appreciation),-621.0,-15.52
SENSEX,SENSEX SPOT,PE_SPREAD,2025-10-23 10:00:00,2025-10-23 15:06:00,0 days 05:06:00,102,85100.0 / 84900.0,20,77.2,4000.0,SL Hit (40% Premium Appreciation),-671.0,-16.78
SENSEX,SENSEX SPOT,PE_SPREAD,2025-10-27 10:06:00,2025-10-27 15:27:00,0 days 05:21:00,107,84700.0 / 84500.0,20,64.25,4000.0,Monday Pre-Expiry Auto Square-Off,71.0,1.78
SENSEX,SENSEX SPOT,PE_SPREAD,2025-10-27 10:33:00,2025-10-27 15:27:00,0 days 04:54:00,98,84800.0 / 84600.0,20,72.95,4000.0,Monday Pre-Expiry Auto Square-Off,113.0,2.83
SENSEX,SENSEX SPOT,PE_SPREAD,2025-10-27 10:36:00,2025-10-27 15:27:00,0 days 04:51:00,97,84800.0 / 84600.0,20,73.95,4000.0,Monday Pre-Expiry Auto Square-Off,133.0,3.33
SENSEX,SENSEX SPOT,CE_SPREAD,2025-10-28 10:33:00,2025-10-29 10:09:00,0 days 23:36:00,117,84400.0 / 84600.0,20,109.05,4000.0,SL Hit (40% Premium Appreciation),-877.0,-21.92
SENSEX,SENSEX SPOT,CE_SPREAD,2025-10-28 10:45:00,2025-10-29 09:27:00,0 days 22:42:00,99,84500.0 / 84700.0,20,101.15,4000.0,SL Hit (40% Premium Appreciation),-875.0,-21.87
SENSEX,SENSEX SPOT,CE_SPREAD,2025-10-28 10:48:00,2025-10-29 09:24:00,0 days 22:36:00,97,84500.0 / 84700.0,20,98.75,4000.0,SL Hit (40% Premium Appreciation),-850.0,-21.25
SENSEX,SENSEX SPOT,PE_SPREAD,2025-10-29 09:36:00,2025-10-29 12:30:00,0 days 02:54:00,58,84700.0 / 84500.0,20,68.55,4000.0,Target Hit (50% Premium Decay),691.0,17.27
SENSEX,SENSEX SPOT,PE_SPREAD,2025-10-29 09:39:00,2025-10-29 12:30:00,0 days 02:51:00,57,84700.0 / 84500.0,20,68.3,4000.0,Target Hit (50% Premium Decay),686.0,17.15
SENSEX,SENSEX SPOT,PE_SPREAD,2025-10-29 10:09:00,2025-10-30 09:30:00,0 days 23:21:00,112,84700.0 / 84500.0,20,53.65,4000.0,SL Hit (40% Premium Appreciation),-618.0,-15.45
SENSEX,SENSEX SPOT,PE_SPREAD,2025-10-29 12:30:00,2025-10-30 09:15:00,0 days 20:45:00,60,85000.0 / 84800.0,20,63.2,4000.0,SL Hit (40% Premium Appreciation),-1140.0,-28.5
SENSEX,SENSEX SPOT,PE_SPREAD,2025-10-29 12:36:00,2025-10-30 09:15:00,0 days 20:39:00,58,85000.0 / 84800.0,20,66.5,4000.0,SL Hit (40% Premium Appreciation),-1074.0,-26.85
SENSEX,SENSEX SPOT,CE_SPREAD,2025-10-30 09:54:00,2025-11-03 09:15:00,3 days 23:21:00,237,84600.0 / 84800.0,20,102.5,4000.0,Time Stop (Max 3 Days Hit),1345.0,33.62
SENSEX,SENSEX SPOT,CE_SPREAD,2025-10-30 10:06:00,2025-11-03 09:15:00,3 days 23:09:00,233,84600.0 / 84800.0,20,108.6,4000.0,Time Stop (Max 3 Days Hit),1467.0,36.68
SENSEX,SENSEX SPOT,CE_SPREAD,2025-10-30 10:09:00,2025-10-31 13:36:00,1 days 03:27:00,194,84700.0 / 84900.0,20,109.6,4000.0,Target Hit (50% Premium Decay),1096.0,27.4
SENSEX,SENSEX SPOT,CE_SPREAD,2025-11-03 09:18:00,2025-11-03 15:27:00,0 days 06:09:00,123,83700.0 / 83900.0,20,109.85,4000.0,Monday Pre-Expiry Auto Square-Off,-441.0,-11.02
SENSEX,SENSEX SPOT,CE_SPREAD,2025-11-03 12:03:00,2025-11-03 15:27:00,0 days 03:24:00,68,83900.0 / 84100.0,20,99.95,4000.0,Monday Pre-Expiry Auto Square-Off,-330.0,-8.25
SENSEX,SENSEX SPOT,CE_SPREAD,2025-11-03 12:21:00,2025-11-03 15:27:00,0 days 03:06:00,62,83900.0 / 84100.0,20,98.3,4000.0,Monday Pre-Expiry Auto Square-Off,-363.0,-9.07
SENSEX,SENSEX SPOT,CE_SPREAD,2025-11-04 09:21:00,2025-11-04 14:09:00,0 days 04:48:00,96,84000.0 / 84200.0,20,91.35,4000.0,Target Hit (50% Premium Decay),914.0,22.85
SENSEX,SENSEX SPOT,CE_SPREAD,2025-11-04 09:24:00,2025-11-04 14:21:00,0 days 04:57:00,99,84000.0 / 84200.0,20,82.5,4000.0,Target Hit (50% Premium Decay),864.0,21.6
SENSEX,SENSEX SPOT,CE_SPREAD,2025-11-04 09:27:00,2025-11-04 15:27:00,0 days 06:00:00,120,83900.0 / 84100.0,20,91.6,4000.0,Target Hit (50% Premium Decay),985.0,24.62
SENSEX,SENSEX SPOT,PE_SPREAD,2025-11-10 10:48:00,2025-11-10 15:27:00,0 days 04:39:00,93,83600.0 / 83400.0,20,82.0,4000.0,Monday Pre-Expiry Auto Square-Off,57.0,1.42
SENSEX,SENSEX SPOT,PE_SPREAD,2025-11-10 10:51:00,2025-11-10 15:27:00,0 days 04:36:00,92,83600.0 / 83400.0,20,79.1,4000.0,Monday Pre-Expiry Auto Square-Off,-1.0,-0.03
SENSEX,SENSEX SPOT,PE_SPREAD,2025-11-10 10:54:00,2025-11-10 15:27:00,0 days 04:33:00,91,83600.0 / 83400.0,20,78.85,4000.0,Monday Pre-Expiry Auto Square-Off,-6.0,-0.15
SENSEX,SENSEX SPOT,PE_SPREAD,2025-11-12 09:39:00,2025-11-12 13:21:00,0 days 03:42:00,74,84200.0 / 84000.0,20,55.4,4000.0,Target Hit (50% Premium Decay),557.0,13.92
SENSEX,SENSEX SPOT,PE_SPREAD,2025-11-12 09:42:00,2025-11-13 10:06:00,1 days 00:24:00,133,84400.0 / 84200.0,20,83.8,4000.0,Target Hit (50% Premium Decay),857.0,21.42
SENSEX,SENSEX SPOT,PE_SPREAD,2025-11-12 10:12:00,2025-11-13 10:06:00,0 days 23:54:00,123,84400.0 / 84200.0,20,83.15,4000.0,Target Hit (50% Premium Decay),844.0,21.1
SENSEX,SENSEX SPOT,PE_SPREAD,2025-11-13 11:15:00,2025-11-14 09:15:00,0 days 22:00:00,85,84800.0 / 84600.0,20,83.8,4000.0,SL Hit (40% Premium Appreciation),-788.0,-19.7
SENSEX,SENSEX SPOT,PE_SPREAD,2025-11-13 11:27:00,2025-11-14 09:15:00,0 days 21:48:00,81,84800.0 / 84600.0,20,78.95,4000.0,SL Hit (40% Premium Appreciation),-885.0,-22.13
SENSEX,SENSEX SPOT,PE_SPREAD,2025-11-13 11:33:00,2025-11-14 09:15:00,0 days 21:42:00,79,84700.0 / 84500.0,20,73.5,4000.0,SL Hit (40% Premium Appreciation),-951.0,-23.77
SENSEX,SENSEX SPOT,PE_SPREAD,2025-11-17 09:18:00,2025-11-17 15:27:00,0 days 06:09:00,123,84700.0 / 84500.0,20,78.3,4000.0,Monday Pre-Expiry Auto Square-Off,335.0,8.37
SENSEX,SENSEX SPOT,PE_SPREAD,2025-11-17 09:42:00,2025-11-17 15:27:00,0 days 05:45:00,115,84800.0 / 84600.0,20,80.05,4000.0,Monday Pre-Expiry Auto Square-Off,238.0,5.95
SENSEX,SENSEX SPOT,PE_SPREAD,2025-11-17 09:48:00,2025-11-17 15:27:00,0 days 05:39:00,113,84800.0 / 84600.0,20,81.05,4000.0,Monday Pre-Expiry Auto Square-Off,258.0,6.45
SENSEX,SENSEX SPOT,PE_SPREAD,2025-11-20 09:45:00,2025-11-24 09:15:00,3 days 23:30:00,240,85300.0 / 85100.0,20,77.15,4000.0,Time Stop (Max 3 Days Hit),-20.0,-0.5
SENSEX,SENSEX SPOT,PE_SPREAD,2025-11-20 10:03:00,2025-11-24 09:15:00,3 days 23:12:00,234,85300.0 / 85100.0,20,79.6,4000.0,Time Stop (Max 3 Days Hit),29.0,0.73
SENSEX,SENSEX SPOT,PE_SPREAD,2025-11-20 10:06:00,2025-11-24 09:15:00,3 days 23:09:00,233,85300.0 / 85100.0,20,79.1,4000.0,Time Stop (Max 3 Days Hit),19.0,0.47
SENSEX,SENSEX SPOT,CE_SPREAD,2025-11-25 09:18:00,2025-11-26 10:42:00,1 days 01:24:00,153,84800.0 / 85000.0,20,110.45,4000.0,SL Hit (40% Premium Appreciation),-884.0,-22.1
SENSEX,SENSEX SPOT,CE_SPREAD,2025-11-25 09:21:00,2025-11-26 09:48:00,1 days 00:27:00,134,84900.0 / 85100.0,20,97.95,4000.0,SL Hit (40% Premium Appreciation),-793.0,-19.82
SENSEX,SENSEX SPOT,CE_SPREAD,2025-11-25 09:24:00,2025-11-26 10:03:00,1 days 00:39:00,138,84900.0 / 85100.0,20,101.0,4000.0,SL Hit (40% Premium Appreciation),-825.0,-20.62
SENSEX,SENSEX SPOT,PE_SPREAD,2025-11-26 10:15:00,2025-11-26 13:03:00,0 days 02:48:00,56,85200.0 / 85000.0,20,76.2,4000.0,Target Hit (50% Premium Decay),767.0,19.17
SENSEX,SENSEX SPOT,PE_SPREAD,2025-11-26 10:21:00,2025-11-26 13:03:00,0 days 02:42:00,54,85200.0 / 85000.0,20,79.35,4000.0,Target Hit (50% Premium Decay),830.0,20.75
SENSEX,SENSEX SPOT,PE_SPREAD,2025-11-26 11:06:00,2025-11-27 09:15:00,0 days 22:09:00,88,85300.0 / 85100.0,20,74.7,4000.0,Target Hit (50% Premium Decay),1196.0,29.9
SENSEX,SENSEX SPOT,PE_SPREAD,2025-11-27 09:48:00,2025-12-01 09:15:00,3 days 23:27:00,239,85800.0 / 85600.0,20,76.65,4000.0,Time Stop (Max 3 Days Hit),369.0,9.22
SENSEX,SENSEX SPOT,PE_SPREAD,2025-11-27 09:51:00,2025-12-01 09:15:00,3 days 23:24:00,238,85800.0 / 85600.0,20,78.1,4000.0,Time Stop (Max 3 Days Hit),398.0,9.95
SENSEX,SENSEX SPOT,PE_SPREAD,2025-11-27 09:54:00,2025-12-01 09:15:00,3 days 23:21:00,237,85800.0 / 85600.0,20,74.7,4000.0,Time Stop (Max 3 Days Hit),330.0,8.25
SENSEX,SENSEX SPOT,PE_SPREAD,2025-12-01 10:03:00,2025-12-01 11:48:00,0 days 01:45:00,35,86000.0 / 85800.0,20,78.8,4000.0,SL Hit (40% Premium Appreciation),-662.0,-16.55
SENSEX,SENSEX SPOT,PE_SPREAD,2025-12-01 10:06:00,2025-12-01 11:45:00,0 days 01:39:00,33,86000.0 / 85800.0,20,77.6,4000.0,SL Hit (40% Premium Appreciation),-645.0,-16.13
SENSEX,SENSEX SPOT,PE_SPREAD,2025-12-01 10:12:00,2025-12-01 11:45:00,0 days 01:33:00,31,86000.0 / 85800.0,20,78.1,4000.0,SL Hit (40% Premium Appreciation),-635.0,-15.88
SENSEX,SENSEX SPOT,CE_SPREAD,2025-12-01 12:54:00,2025-12-01 15:27:00,0 days 02:33:00,51,85600.0 / 85800.0,20,104.85,4000.0,Monday Pre-Expiry Auto Square-Off,-32.0,-0.8
SENSEX,SENSEX SPOT,CE_SPREAD,2025-12-01 12:57:00,2025-12-01 15:27:00,0 days 02:30:00,50,85600.0 / 85800.0,20,106.55,4000.0,Monday Pre-Expiry Auto Square-Off,2.0,0.05
SENSEX,SENSEX SPOT,CE_SPREAD,2025-12-01 13:00:00,2025-12-01 15:27:00,0 days 02:27:00,49,85700.0 / 85900.0,20,98.05,4000.0,Monday Pre-Expiry Auto Square-Off,70.0,1.75
SENSEX,SENSEX SPOT,CE_SPREAD,2025-12-02 10:21:00,2025-12-03 09:33:00,0 days 23:12:00,109,85300.0 / 85500.0,20,103.45,4000.0,Target Hit (50% Premium Decay),1178.0,29.45
SENSEX,SENSEX SPOT,CE_SPREAD,2025-12-02 10:24:00,2025-12-03 09:33:00,0 days 23:09:00,108,85300.0 / 85500.0,20,102.75,4000.0,Target Hit (50% Premium Decay),1164.0,29.1
SENSEX,SENSEX SPOT,CE_SPREAD,2025-12-02 10:27:00,2025-12-03 09:33:00,0 days 23:06:00,107,85300.0 / 85500.0,20,106.25,4000.0,Target Hit (50% Premium Decay),1234.0,30.85
SENSEX,SENSEX SPOT,CE_SPREAD,2025-12-03 09:57:00,2025-12-04 09:33:00,0 days 23:36:00,117,84900.0 / 85100.0,20,102.8,4000.0,SL Hit (40% Premium Appreciation),-948.0,-23.7
SENSEX,SENSEX SPOT,CE_SPREAD,2025-12-03 10:00:00,2025-12-04 09:27:00,0 days 23:27:00,114,84900.0 / 85100.0,20,97.25,4000.0,SL Hit (40% Premium Appreciation),-782.0,-19.55
SENSEX,SENSEX SPOT,CE_SPREAD,2025-12-03 10:03:00,2025-12-03 15:09:00,0 days 05:06:00,102,84900.0 / 85100.0,20,82.4,4000.0,SL Hit (40% Premium Appreciation),-859.0,-21.48
SENSEX,SENSEX SPOT,PE_SPREAD,2025-12-04 10:06:00,2025-12-05 13:33:00,1 days 03:27:00,194,85200.0 / 85000.0,20,75.25,4000.0,Target Hit (50% Premium Decay),753.0,18.83
SENSEX,SENSEX SPOT,PE_SPREAD,2025-12-04 10:09:00,2025-12-08 09:15:00,3 days 23:06:00,232,85300.0 / 85100.0,20,84.7,4000.0,Time Stop (Max 3 Days Hit),739.0,18.48
SENSEX,SENSEX SPOT,PE_SPREAD,2025-12-04 10:12:00,2025-12-08 09:15:00,3 days 23:03:00,231,85300.0 / 85100.0,20,80.3,4000.0,Time Stop (Max 3 Days Hit),651.0,16.28
SENSEX,SENSEX SPOT,CE_SPREAD,2025-12-08 12:03:00,2025-12-08 15:27:00,0 days 03:24:00,68,85400.0 / 85600.0,20,102.4,4000.0,Monday Pre-Expiry Auto Square-Off,767.0,19.18
SENSEX,SENSEX SPOT,CE_SPREAD,2025-12-08 12:15:00,2025-12-08 15:27:00,0 days 03:12:00,64,85300.0 / 85500.0,20,109.25,4000.0,Monday Pre-Expiry Auto Square-Off,713.0,17.82
SENSEX,SENSEX SPOT,CE_SPREAD,2025-12-08 12:18:00,2025-12-08 15:27:00,0 days 03:09:00,63,85300.0 / 85500.0,20,108.75,4000.0,Monday Pre-Expiry Auto Square-Off,703.0,17.57
SENSEX,SENSEX SPOT,CE_SPREAD,2025-12-10 12:51:00,2025-12-11 09:39:00,0 days 20:48:00,61,84500.0 / 84700.0,20,86.05,4000.0,Target Hit (50% Premium Decay),1062.0,26.55
SENSEX,SENSEX SPOT,CE_SPREAD,2025-12-10 12:54:00,2025-12-11 09:39:00,0 days 20:45:00,60,84500.0 / 84700.0,20,90.3,4000.0,Target Hit (50% Premium Decay),1147.0,28.67
SENSEX,SENSEX SPOT,CE_SPREAD,2025-12-10 12:57:00,2025-12-11 09:39:00,0 days 20:42:00,59,84500.0 / 84700.0,20,89.7,4000.0,Target Hit (50% Premium Decay),1135.0,28.37
SENSEX,SENSEX SPOT,CE_SPREAD,2025-12-11 09:39:00,2025-12-11 10:51:00,0 days 01:12:00,24,84300.0 / 84500.0,20,99.0,4000.0,SL Hit (40% Premium Appreciation),-830.0,-20.75
SENSEX,SENSEX SPOT,CE_SPREAD,2025-12-11 09:51:00,2025-12-11 12:36:00,0 days 02:45:00,55,84300.0 / 84500.0,20,104.65,4000.0,SL Hit (40% Premium Appreciation),-862.0,-21.55
SENSEX,SENSEX SPOT,CE_SPREAD,2025-12-11 09:57:00,2025-12-11 10:39:00,0 days 00:42:00,14,84200.0 / 84400.0,20,106.95,4000.0,SL Hit (40% Premium Appreciation),-935.0,-23.38
SENSEX,SENSEX SPOT,PE_SPREAD,2025-12-11 12:36:00,2025-12-15 09:15:00,3 days 20:39:00,183,84800.0 / 84600.0,20,80.65,4000.0,Time Stop (Max 3 Days Hit),404.0,10.1
SENSEX,SENSEX SPOT,PE_SPREAD,2025-12-11 12:39:00,2025-12-15 09:15:00,3 days 20:36:00,182,84800.0 / 84600.0,20,81.8,4000.0,Time Stop (Max 3 Days Hit),427.0,10.67
SENSEX,SENSEX SPOT,PE_SPREAD,2025-12-11 12:42:00,2025-12-15 09:15:00,3 days 20:33:00,181,84800.0 / 84600.0,20,80.4,4000.0,Time Stop (Max 3 Days Hit),399.0,9.98
SENSEX,SENSEX SPOT,CE_SPREAD,2025-12-16 10:21:00,2025-12-17 12:00:00,1 days 01:39:00,158,84800.0 / 85000.0,20,95.95,4000.0,Target Hit (50% Premium Decay),1083.0,27.07
SENSEX,SENSEX SPOT,CE_SPREAD,2025-12-16 10:24:00,2025-12-17 12:00:00,1 days 01:36:00,157,84800.0 / 85000.0,20,99.55,4000.0,Target Hit (50% Premium Decay),1155.0,28.88
SENSEX,SENSEX SPOT,CE_SPREAD,2025-12-16 10:27:00,2025-12-17 12:00:00,1 days 01:33:00,156,84800.0 / 85000.0,20,98.85,4000.0,Target Hit (50% Premium Decay),1141.0,28.52
SENSEX,SENSEX SPOT,PE_SPREAD,2025-12-22 10:12:00,2025-12-22 15:27:00,0 days 05:15:00,105,85400.0 / 85200.0,20,75.9,4000.0,Monday Pre-Expiry Auto Square-Off,223.0,5.58
SENSEX,SENSEX SPOT,PE_SPREAD,2025-12-22 10:15:00,2025-12-22 15:27:00,0 days 05:12:00,104,85400.0 / 85200.0,20,77.25,4000.0,Monday Pre-Expiry Auto Square-Off,250.0,6.25
SENSEX,SENSEX SPOT,PE_SPREAD,2025-12-22 10:18:00,2025-12-22 15:27:00,0 days 05:09:00,103,85400.0 / 85200.0,20,76.6,4000.0,Monday Pre-Expiry Auto Square-Off,237.0,5.93
SENSEX,SENSEX SPOT,PE_SPREAD,2025-12-24 09:21:00,2025-12-26 09:15:00,1 days 23:54:00,123,85600.0 / 85400.0,20,76.56,4000.0,SL Hit (40% Premium Appreciation),-668.8,-16.72
SENSEX,SENSEX SPOT,PE_SPREAD,2025-12-24 09:42:00,2025-12-26 09:15:00,1 days 23:33:00,116,85600.0 / 85400.0,20,71.65,4000.0,SL Hit (40% Premium Appreciation),-767.0,-19.18
SENSEX,SENSEX SPOT,PE_SPREAD,2025-12-24 09:45:00,2025-12-26 09:15:00,1 days 23:30:00,115,85600.0 / 85400.0,20,74.25,4000.0,SL Hit (40% Premium Appreciation),-715.0,-17.88
SENSEX,SENSEX SPOT,CE_SPREAD,2025-12-29 11:00:00,2025-12-29 15:27:00,0 days 04:27:00,89,84900.0 / 85100.0,20,98.2,4000.0,Monday Pre-Expiry Auto Square-Off,310.0,7.75
SENSEX,SENSEX SPOT,CE_SPREAD,2025-12-29 11:36:00,2025-12-29 15:27:00,0 days 03:51:00,77,84800.0 / 85000.0,20,101.5,4000.0,Monday Pre-Expiry Auto Square-Off,157.0,3.93
SENSEX,SENSEX SPOT,CE_SPREAD,2025-12-29 11:45:00,2025-12-29 15:27:00,0 days 03:42:00,74,84800.0 / 85000.0,20,105.7,4000.0,Monday Pre-Expiry Auto Square-Off,241.0,6.02
SENSEX,SENSEX SPOT,CE_SPREAD,2025-12-30 09:18:00,2025-12-30 10:24:00,0 days 01:06:00,22,84600.0 / 84800.0,20,87.95,4000.0,SL Hit (40% Premium Appreciation),-752.0,-18.8
SENSEX,SENSEX SPOT,CE_SPREAD,2025-12-30 11:48:00,2025-12-31 09:15:00,0 days 21:27:00,74,84600.0 / 84800.0,20,97.25,4000.0,SL Hit (40% Premium Appreciation),-923.2,-23.08
SENSEX,SENSEX SPOT,CE_SPREAD,2025-12-30 11:51:00,2025-12-31 09:15:00,0 days 21:24:00,73,84600.0 / 84800.0,20,95.35,4000.0,SL Hit (40% Premium Appreciation),-961.2,-24.03
SENSEX,SENSEX SPOT,CE_SPREAD,2025-12-30 11:54:00,2025-12-31 09:15:00,0 days 21:21:00,72,84600.0 / 84800.0,20,92.65,4000.0,SL Hit (40% Premium Appreciation),-1015.2,-25.38
SENSEX,SENSEX SPOT,PE_SPREAD,2025-12-31 10:03:00,2025-12-31 12:06:00,0 days 02:03:00,41,84800.0 / 84600.0,20,72.7,4000.0,Target Hit (50% Premium Decay),780.0,19.5
SENSEX,SENSEX SPOT,PE_SPREAD,2025-12-31 10:09:00,2025-12-31 12:12:00,0 days 02:03:00,41,84800.0 / 84600.0,20,64.55,4000.0,Target Hit (50% Premium Decay),662.0,16.55
SENSEX,SENSEX SPOT,PE_SPREAD,2025-12-31 10:12:00,2025-12-31 12:12:00,0 days 02:00:00,40,84800.0 / 84600.0,20,64.56,4000.0,Target Hit (50% Premium Decay),662.2,16.56
SENSEX,SENSEX SPOT,PE_SPREAD,2025-12-31 12:06:00,2025-12-31 13:27:00,0 days 01:21:00,27,85000.0 / 84800.0,20,64.3,4000.0,Target Hit (50% Premium Decay),645.0,16.12
SENSEX,SENSEX SPOT,CE_SPREAD,2026-01-06 09:36:00,2026-01-07 09:15:00,0 days 23:39:00,118,85200.0 / 85400.0,20,94.2,4000.0,Target Hit (50% Premium Decay),945.0,23.62
SENSEX,SENSEX SPOT,CE_SPREAD,2026-01-06 09:39:00,2026-01-07 09:15:00,0 days 23:36:00,117,85200.0 / 85400.0,20,98.0,4000.0,Target Hit (50% Premium Decay),1021.0,25.53
SENSEX,SENSEX SPOT,CE_SPREAD,2026-01-06 10:33:00,2026-01-07 09:15:00,0 days 22:42:00,99,85300.0 / 85500.0,20,92.05,4000.0,Target Hit (50% Premium Decay),1146.0,28.65
SENSEX,SENSEX SPOT,CE_SPREAD,2026-01-07 09:24:00,2026-01-08 09:21:00,0 days 23:57:00,124,85000.0 / 85200.0,20,80.45,4000.0,Target Hit (50% Premium Decay),851.0,21.28
SENSEX,SENSEX SPOT,CE_SPREAD,2026-01-07 09:27:00,2026-01-08 09:30:00,1 days 00:03:00,126,84900.0 / 85100.0,20,89.05,4000.0,Target Hit (50% Premium Decay),966.0,24.15
SENSEX,SENSEX SPOT,CE_SPREAD,2026-01-07 09:39:00,2026-01-08 09:21:00,0 days 23:42:00,119,85000.0 / 85200.0,20,85.45,4000.0,Target Hit (50% Premium Decay),951.0,23.78
SENSEX,SENSEX SPOT,CE_SPREAD,2026-01-08 09:21:00,2026-01-08 15:15:00,0 days 05:54:00,118,84900.0 / 85100.0,20,99.35,4000.0,Target Hit (50% Premium Decay),1013.0,25.32
SENSEX,SENSEX SPOT,CE_SPREAD,2026-01-08 09:24:00,2026-01-08 15:27:00,0 days 06:03:00,121,84800.0 / 85000.0,20,108.15,4000.0,Target Hit (50% Premium Decay),1177.0,29.42
SENSEX,SENSEX SPOT,CE_SPREAD,2026-01-08 10:03:00,2026-01-08 15:27:00,0 days 05:24:00,108,84800.0 / 85000.0,20,107.55,4000.0,Target Hit (50% Premium Decay),1165.0,29.12
SENSEX,SENSEX SPOT,CE_SPREAD,2026-01-12 09:18:00,2026-01-12 13:33:00,0 days 04:15:00,85,83300.0 / 83500.0,20,100.6,4000.0,SL Hit (40% Premium Appreciation),-811.0,-20.27
SENSEX,SENSEX SPOT,CE_SPREAD,2026-01-12 09:39:00,2026-01-12 12:42:00,0 days 03:03:00,61,83300.0 / 83500.0,20,95.9,4000.0,SL Hit (40% Premium Appreciation),-858.0,-21.45
SENSEX,SENSEX SPOT,CE_SPREAD,2026-01-12 09:42:00,2026-01-12 14:21:00,0 days 04:39:00,93,83200.0 / 83400.0,20,107.85,4000.0,SL Hit (40% Premium Appreciation),-905.0,-22.62
SENSEX,SENSEX SPOT,PE_SPREAD,2026-01-13 10:21:00,2026-01-13 12:48:00,0 days 02:27:00,49,83800.0 / 83600.0,20,87.2,4000.0,SL Hit (40% Premium Appreciation),-815.0,-20.38
SENSEX,SENSEX SPOT,PE_SPREAD,2026-01-13 10:27:00,2026-01-13 12:12:00,0 days 01:45:00,35,83800.0 / 83600.0,20,68.85,4000.0,SL Hit (40% Premium Appreciation),-686.0,-17.15
SENSEX,SENSEX SPOT,CE_SPREAD,2026-01-19 09:54:00,2026-01-19 15:27:00,0 days 05:33:00,111,83100.0 / 83300.0,20,99.3,4000.0,Monday Pre-Expiry Auto Square-Off,-64.0,-1.6
SENSEX,SENSEX SPOT,CE_SPREAD,2026-01-19 10:21:00,2026-01-19 14:06:00,0 days 03:45:00,75,83100.0 / 83300.0,20,90.5,4000.0,SL Hit (40% Premium Appreciation),-743.0,-18.58
SENSEX,SENSEX SPOT,CE_SPREAD,2026-01-19 10:24:00,2026-01-19 15:27:00,0 days 05:03:00,101,83000.0 / 83200.0,20,98.5,4000.0,Monday Pre-Expiry Auto Square-Off,-294.0,-7.35
SENSEX,SENSEX SPOT,CE_SPREAD,2026-01-20 09:18:00,2026-01-20 13:36:00,0 days 04:18:00,86,83200.0 / 83400.0,20,90.5,4000.0,Target Hit (50% Premium Decay),923.0,23.07
SENSEX,SENSEX SPOT,CE_SPREAD,2026-01-20 09:21:00,2026-01-20 14:06:00,0 days 04:45:00,95,83200.0 / 83400.0,20,79.55,4000.0,Target Hit (50% Premium Decay),810.0,20.25
SENSEX,SENSEX SPOT,CE_SPREAD,2026-01-20 09:54:00,2026-01-20 15:00:00,0 days 05:06:00,102,82900.0 / 83100.0,20,90.4,4000.0,Target Hit (50% Premium Decay),1031.0,25.78
SENSEX,SENSEX SPOT,CE_SPREAD,2026-01-21 09:18:00,2026-01-21 10:39:00,0 days 01:21:00,27,82100.0 / 82300.0,20,99.25,4000.0,Target Hit (50% Premium Decay),1118.0,27.95
SENSEX,SENSEX SPOT,CE_SPREAD,2026-01-21 09:21:00,2026-01-21 10:36:00,0 days 01:15:00,25,82000.0 / 82200.0,20,122.1,4000.0,Target Hit (50% Premium Decay),1237.0,30.92
SENSEX,SENSEX SPOT,CE_SPREAD,2026-01-21 09:27:00,2026-01-21 10:39:00,0 days 01:12:00,24,82100.0 / 82300.0,20,98.5,4000.0,Target Hit (50% Premium Decay),1103.0,27.57
SENSEX,SENSEX SPOT,PE_SPREAD,2026-01-22 09:57:00,2026-01-22 11:06:00,0 days 01:09:00,23,82600.0 / 82400.0,20,84.8,4000.0,SL Hit (40% Premium Appreciation),-876.0,-21.9
SENSEX,SENSEX SPOT,PE_SPREAD,2026-01-22 10:00:00,2026-01-22 10:51:00,0 days 00:51:00,17,82700.0 / 82500.0,20,82.0,4000.0,SL Hit (40% Premium Appreciation),-1172.0,-29.3
SENSEX,SENSEX SPOT,CE_SPREAD,2026-01-22 11:54:00,2026-01-22 15:27:00,0 days 03:33:00,71,82000.0 / 82200.0,20,110.35,4000.0,SL Hit (40% Premium Appreciation),-890.0,-22.25
SENSEX,SENSEX SPOT,CE_SPREAD,2026-01-27 09:18:00,2026-01-27 10:15:00,0 days 00:57:00,19,81300.0 / 81500.0,20,103.5,4000.0,SL Hit (40% Premium Appreciation),-920.0,-23.0
SENSEX,SENSEX SPOT,CE_SPREAD,2026-01-27 09:21:00,2026-01-27 09:42:00,0 days 00:21:00,7,81300.0 / 81500.0,20,100.05,4000.0,SL Hit (40% Premium Appreciation),-822.0,-20.55
SENSEX,SENSEX SPOT,PE_SPREAD,2026-01-28 09:18:00,2026-01-28 10:06:00,0 days 00:48:00,16,82300.0 / 82100.0,20,67.35,4000.0,SL Hit (40% Premium Appreciation),-578.0,-14.45
SENSEX,SENSEX SPOT,PE_SPREAD,2026-01-28 09:36:00,2026-01-28 13:42:00,0 days 04:06:00,82,82300.0 / 82100.0,20,87.7,4000.0,SL Hit (40% Premium Appreciation),-905.0,-22.62
SENSEX,SENSEX SPOT,PE_SPREAD,2026-01-28 09:39:00,2026-01-28 13:21:00,0 days 03:42:00,74,82200.0 / 82000.0,20,69.85,4000.0,SL Hit (40% Premium Appreciation),-760.0,-19.0
SENSEX,SENSEX SPOT,PE_SPREAD,2026-01-28 10:06:00,2026-01-28 13:48:00,0 days 03:42:00,74,82300.0 / 82100.0,20,96.25,4000.0,SL Hit (40% Premium Appreciation),-777.0,-19.42
SENSEX,SENSEX SPOT,CE_SPREAD,2026-02-01 12:48:00,2026-02-02 11:09:00,0 days 22:21:00,92,81500.0 / 81700.0,20,91.3,4000.0,Target Hit (50% Premium Decay),917.0,22.92
SENSEX,SENSEX SPOT,CE_SPREAD,2026-02-01 12:51:00,2026-02-01 15:24:00,0 days 02:33:00,51,81400.0 / 81600.0,20,96.7,4000.0,Target Hit (50% Premium Decay),968.0,24.2
SENSEX,SENSEX SPOT,CE_SPREAD,2026-02-01 12:54:00,2026-02-01 15:21:00,0 days 02:27:00,49,81400.0 / 81600.0,20,109.1,4000.0,Target Hit (50% Premium Decay),1103.0,27.57
SENSEX,SENSEX SPOT,CE_SPREAD,2026-02-02 10:48:00,2026-02-02 15:00:00,0 days 04:12:00,84,80900.0 / 81100.0,20,105.7,4000.0,SL Hit (40% Premium Appreciation),-870.0,-21.75
SENSEX,SENSEX SPOT,CE_SPREAD,2026-02-02 10:51:00,2026-02-02 14:57:00,0 days 04:06:00,82,80900.0 / 81100.0,20,100.5,4000.0,SL Hit (40% Premium Appreciation),-886.0,-22.15
SENSEX,SENSEX SPOT,PE_SPREAD,2026-02-03 09:48:00,2026-02-03 09:57:00,0 days 00:09:00,3,83700.0 / 83500.0,20,343.85,4000.0,Target Hit (50% Premium Decay),4861.0,121.52
SENSEX,SENSEX SPOT,PE_SPREAD,2026-02-03 10:00:00,2026-02-05 09:51:00,1 days 23:51:00,247,83700.0 / 83500.0,20,93.8,4000.0,SL Hit (40% Premium Appreciation),-841.0,-21.03
SENSEX,SENSEX SPOT,PE_SPREAD,2026-02-03 10:03:00,2026-02-05 11:48:00,2 days 01:45:00,285,83700.0 / 83500.0,20,106.6,4000.0,SL Hit (40% Premium Appreciation),-951.0,-23.77
SENSEX,SENSEX SPOT,PE_SPREAD,2026-02-03 10:06:00,2026-02-04 14:15:00,1 days 04:09:00,208,83600.0 / 83400.0,20,98.1,4000.0,Target Hit (50% Premium Decay),993.0,24.82
SENSEX,SENSEX SPOT,CE_SPREAD,2026-02-05 12:30:00,2026-02-09 09:15:00,3 days 20:45:00,185,83300.0 / 83500.0,20,105.45,4000.0,Time Stop (Max 3 Days Hit),-1063.0,-26.57
SENSEX,SENSEX SPOT,CE_SPREAD,2026-02-05 12:33:00,2026-02-09 09:15:00,3 days 20:42:00,184,83300.0 / 83500.0,20,107.9,4000.0,Time Stop (Max 3 Days Hit),-1014.0,-25.35
SENSEX,SENSEX SPOT,CE_SPREAD,2026-02-05 12:39:00,2026-02-09 09:15:00,3 days 20:36:00,182,83300.0 / 83500.0,20,102.95,4000.0,Time Stop (Max 3 Days Hit),-1113.0,-27.82
SENSEX,SENSEX SPOT,PE_SPREAD,2026-02-09 09:42:00,2026-02-09 15:27:00,0 days 05:45:00,115,83900.0 / 83700.0,20,81.9,4000.0,Monday Pre-Expiry Auto Square-Off,254.0,6.35
SENSEX,SENSEX SPOT,PE_SPREAD,2026-02-09 09:45:00,2026-02-09 15:27:00,0 days 05:42:00,114,83900.0 / 83700.0,20,79.0,4000.0,Monday Pre-Expiry Auto Square-Off,196.0,4.9
SENSEX,SENSEX SPOT,PE_SPREAD,2026-02-09 09:48:00,2026-02-09 15:27:00,0 days 05:39:00,113,84000.0 / 83800.0,20,86.3,4000.0,Monday Pre-Expiry Auto Square-Off,175.0,4.38
SENSEX,SENSEX SPOT,PE_SPREAD,2026-02-10 09:18:00,2026-02-12 09:15:00,1 days 23:57:00,249,84200.0 / 84000.0,20,79.45,4000.0,SL Hit (40% Premium Appreciation),-1028.0,-25.7
SENSEX,SENSEX SPOT,PE_SPREAD,2026-02-10 09:57:00,2026-02-12 09:15:00,1 days 23:18:00,236,84300.0 / 84100.0,20,78.4,4000.0,SL Hit (40% Premium Appreciation),-1414.0,-35.35
SENSEX,SENSEX SPOT,PE_SPREAD,2026-02-10 10:12:00,2026-02-12 09:15:00,1 days 23:03:00,231,84300.0 / 84100.0,20,80.9,4000.0,SL Hit (40% Premium Appreciation),-1364.0,-34.1
SENSEX,SENSEX SPOT,CE_SPREAD,2026-02-12 10:48:00,2026-02-13 09:15:00,0 days 22:27:00,94,83900.0 / 84100.0,20,106.65,4000.0,Target Hit (50% Premium Decay),1315.0,32.87
SENSEX,SENSEX SPOT,CE_SPREAD,2026-02-12 10:51:00,2026-02-13 09:15:00,0 days 22:24:00,93,83900.0 / 84100.0,20,106.15,4000.0,Target Hit (50% Premium Decay),1305.0,32.62
SENSEX,SENSEX SPOT,CE_SPREAD,2026-02-12 11:00:00,2026-02-13 09:15:00,0 days 22:15:00,90,83900.0 / 84100.0,20,107.35,4000.0,Target Hit (50% Premium Decay),1329.0,33.22
SENSEX,SENSEX SPOT,CE_SPREAD,2026-02-16 09:21:00,2026-02-16 14:27:00,0 days 05:06:00,102,82600.0 / 82800.0,20,102.2,4000.0,SL Hit (40% Premium Appreciation),-827.0,-20.67
SENSEX,SENSEX SPOT,CE_SPREAD,2026-02-16 09:24:00,2026-02-16 14:27:00,0 days 05:03:00,101,82700.0 / 82900.0,20,90.45,4000.0,SL Hit (40% Premium Appreciation),-901.0,-22.53
SENSEX,SENSEX SPOT,CE_SPREAD,2026-02-16 09:27:00,2026-02-16 14:30:00,0 days 05:03:00,101,82600.0 / 82800.0,20,102.85,4000.0,SL Hit (40% Premium Appreciation),-868.0,-21.7
SENSEX,SENSEX SPOT,PE_SPREAD,2026-02-17 09:33:00,2026-02-17 12:51:00,0 days 03:18:00,66,83100.0 / 82900.0,20,82.4,4000.0,Target Hit (50% Premium Decay),830.0,20.75
SENSEX,SENSEX SPOT,PE_SPREAD,2026-02-17 09:36:00,2026-02-18 09:15:00,0 days 23:39:00,118,83100.0 / 82900.0,20,81.6,4000.0,Target Hit (50% Premium Decay),874.0,21.85
SENSEX,SENSEX SPOT,PE_SPREAD,2026-02-17 09:39:00,2026-02-18 09:15:00,0 days 23:36:00,117,83100.0 / 82900.0,20,79.6,4000.0,Target Hit (50% Premium Decay),834.0,20.85
SENSEX,SENSEX SPOT,PE_SPREAD,2026-02-17 12:51:00,2026-02-18 09:54:00,0 days 21:03:00,66,83500.0 / 83300.0,20,75.65,4000.0,SL Hit (40% Premium Appreciation),-761.0,-19.03
SENSEX,SENSEX SPOT,PE_SPREAD,2026-02-19 09:27:00,2026-02-19 11:30:00,0 days 02:03:00,41,83800.0 / 83600.0,20,88.85,4000.0,SL Hit (40% Premium Appreciation),-778.0,-19.45
SENSEX,SENSEX SPOT,PE_SPREAD,2026-02-19 09:30:00,2026-02-19 11:18:00,0 days 01:48:00,36,83700.0 / 83500.0,20,77.9,4000.0,SL Hit (40% Premium Appreciation),-659.0,-16.47
SENSEX,SENSEX SPOT,CE_SPREAD,2026-02-19 11:03:00,2026-02-19 15:00:00,0 days 03:57:00,79,83400.0 / 83600.0,20,100.5,4000.0,Target Hit (50% Premium Decay),1071.0,26.78
SENSEX,SENSEX SPOT,CE_SPREAD,2026-02-19 12:24:00,2026-02-20 09:27:00,0 days 21:03:00,66,83100.0 / 83300.0,20,99.95,4000.0,Target Hit (50% Premium Decay),1077.0,26.92
SENSEX,SENSEX SPOT,CE_SPREAD,2026-02-19 12:27:00,2026-02-20 09:24:00,0 days 20:57:00,64,83100.0 / 83300.0,20,103.75,4000.0,Target Hit (50% Premium Decay),1051.0,26.28
SENSEX,SENSEX SPOT,PE_SPREAD,2026-02-23 10:03:00,2026-02-23 15:27:00,0 days 05:24:00,108,83300.0 / 83100.0,20,80.85,4000.0,Monday Pre-Expiry Auto Square-Off,-73.0,-1.83
SENSEX,SENSEX SPOT,PE_SPREAD,2026-02-23 10:06:00,2026-02-23 15:27:00,0 days 05:21:00,107,83300.0 / 83100.0,20,81.85,4000.0,Monday Pre-Expiry Auto Square-Off,-53.0,-1.32
SENSEX,SENSEX SPOT,PE_SPREAD,2026-02-23 10:09:00,2026-02-23 15:27:00,0 days 05:18:00,106,83300.0 / 83100.0,20,81.2,4000.0,Monday Pre-Expiry Auto Square-Off,-66.0,-1.65
SENSEX,SENSEX SPOT,CE_SPREAD,2026-02-24 10:03:00,2026-02-24 13:30:00,0 days 03:27:00,69,82600.0 / 82800.0,20,98.25,4000.0,Target Hit (50% Premium Decay),987.0,24.68
SENSEX,SENSEX SPOT,CE_SPREAD,2026-02-24 10:06:00,2026-02-24 13:30:00,0 days 03:24:00,68,82600.0 / 82800.0,20,103.5,4000.0,Target Hit (50% Premium Decay),1092.0,27.3
SENSEX,SENSEX SPOT,CE_SPREAD,2026-02-24 10:09:00,2026-02-25 10:12:00,1 days 00:03:00,126,82600.0 / 82800.0,20,93.85,4000.0,SL Hit (40% Premium Appreciation),-794.0,-19.85
SENSEX,SENSEX SPOT,PE_SPREAD,2026-02-25 10:27:00,2026-02-25 12:30:00,0 days 02:03:00,41,82900.0 / 82700.0,20,79.1,4000.0,SL Hit (40% Premium Appreciation),-840.0,-21.0
SENSEX,SENSEX SPOT,PE_SPREAD,2026-02-25 10:30:00,2026-02-25 12:30:00,0 days 02:00:00,40,82900.0 / 82700.0,20,78.9,4000.0,SL Hit (40% Premium Appreciation),-844.0,-21.1
SENSEX,SENSEX SPOT,PE_SPREAD,2026-02-25 10:33:00,2026-02-25 12:27:00,0 days 01:54:00,38,82900.0 / 82700.0,20,77.85,4000.0,SL Hit (40% Premium Appreciation),-636.0,-15.9
SENSEX,SENSEX SPOT,CE_SPREAD,2026-02-26 11:33:00,2026-02-27 12:21:00,1 days 00:48:00,141,82400.0 / 82600.0,20,104.2,4000.0,Target Hit (50% Premium Decay),1046.0,26.15
SENSEX,SENSEX SPOT,CE_SPREAD,2026-02-26 11:36:00,2026-02-27 12:21:00,1 days 00:45:00,140,82400.0 / 82600.0,20,104.0,4000.0,Target Hit (50% Premium Decay),1042.0,26.05
SENSEX,SENSEX SPOT,CE_SPREAD,2026-03-02 09:36:00,2026-03-02 12:36:00,0 days 03:00:00,60,80600.0 / 80800.0,20,105.6,4000.0,Target Hit (50% Premium Decay),1056.0,26.4
SENSEX,SENSEX SPOT,CE_SPREAD,2026-03-02 09:39:00,2026-03-02 12:42:00,0 days 03:03:00,61,80500.0 / 80700.0,20,113.4,4000.0,Target Hit (50% Premium Decay),1153.0,28.82
SENSEX,SENSEX SPOT,CE_SPREAD,2026-03-02 09:42:00,2026-03-02 12:36:00,0 days 02:54:00,58,80500.0 / 80700.0,20,119.45,4000.0,Target Hit (50% Premium Decay),1244.0,31.1
SENSEX,SENSEX SPOT,CE_SPREAD,2026-03-02 12:39:00,2026-03-02 15:27:00,0 days 02:48:00,56,79700.0 / 79900.0,20,110.15,4000.0,Monday Pre-Expiry Auto Square-Off,-582.0,-14.55
SENSEX,SENSEX SPOT,CE_SPREAD,2026-03-02 12:54:00,2026-03-02 15:27:00,0 days 02:33:00,51,79700.0 / 79900.0,20,106.75,4000.0,Monday Pre-Expiry Auto Square-Off,-650.0,-16.25
SENSEX,SENSEX SPOT,CE_SPREAD,2026-03-02 12:57:00,2026-03-02 15:27:00,0 days 02:30:00,50,79700.0 / 79900.0,20,110.7,4000.0,Monday Pre-Expiry Auto Square-Off,-571.0,-14.27
SENSEX,SENSEX SPOT,CE_SPREAD,2026-03-04 09:48:00,2026-03-05 09:15:00,0 days 23:27:00,114,78600.0 / 78800.0,20,112.9,4000.0,SL Hit (40% Premium Appreciation),-1316.0,-32.9
SENSEX,SENSEX SPOT,CE_SPREAD,2026-03-04 10:33:00,2026-03-05 09:15:00,0 days 22:42:00,99,78800.0 / 79000.0,20,106.7,4000.0,SL Hit (40% Premium Appreciation),-1230.0,-30.75
SENSEX,SENSEX SPOT,CE_SPREAD,2026-03-04 10:36:00,2026-03-05 09:15:00,0 days 22:39:00,98,78700.0 / 78900.0,20,112.5,4000.0,SL Hit (40% Premium Appreciation),-1381.0,-34.52
SENSEX,SENSEX SPOT,CE_SPREAD,2026-03-09 10:00:00,2026-03-09 14:51:00,0 days 04:51:00,97,76700.0 / 76900.0,20,102.9,4000.0,SL Hit (40% Premium Appreciation),-837.0,-20.93
SENSEX,SENSEX SPOT,CE_SPREAD,2026-03-09 10:03:00,2026-03-09 15:00:00,0 days 04:57:00,99,76700.0 / 76900.0,20,105.0,4000.0,SL Hit (40% Premium Appreciation),-867.0,-21.68
SENSEX,SENSEX SPOT,CE_SPREAD,2026-03-09 10:09:00,2026-03-09 15:27:00,0 days 05:18:00,106,76800.0 / 77000.0,20,113.75,4000.0,Monday Pre-Expiry Auto Square-Off,-395.0,-9.88
SENSEX,SENSEX SPOT,CE_SPREAD,2026-03-11 10:33:00,2026-03-11 14:21:00,0 days 03:48:00,76,77700.0 / 77900.0,20,96.8,4000.0,Target Hit (50% Premium Decay),979.0,24.48
SENSEX,SENSEX SPOT,CE_SPREAD,2026-03-11 10:36:00,2026-03-11 14:57:00,0 days 04:21:00,87,77600.0 / 77800.0,20,100.45,4000.0,Target Hit (50% Premium Decay),1034.0,25.85
SENSEX,SENSEX SPOT,CE_SPREAD,2026-03-11 11:00:00,2026-03-11 14:57:00,0 days 03:57:00,79,77600.0 / 77800.0,20,101.8,4000.0,Target Hit (50% Premium Decay),1061.0,26.53
SENSEX,SENSEX SPOT,CE_SPREAD,2026-03-12 09:48:00,2026-03-13 13:33:00,1 days 03:45:00,200,76000.0 / 76200.0,20,111.9,4000.0,Target Hit (50% Premium Decay),1184.0,29.6
SENSEX,SENSEX SPOT,CE_SPREAD,2026-03-12 09:51:00,2026-03-13 12:36:00,1 days 02:45:00,180,76100.0 / 76300.0,20,117.45,4000.0,Target Hit (50% Premium Decay),1182.0,29.55
SENSEX,SENSEX SPOT,CE_SPREAD,2026-03-12 09:54:00,2026-03-12 10:03:00,0 days 00:09:00,3,76200.0 / 76400.0,20,100.4,4000.0,SL Hit (40% Premium Appreciation),-864.0,-21.6
SENSEX,SENSEX SPOT,CE_SPREAD,2026-03-12 10:03:00,2026-03-13 12:33:00,1 days 02:30:00,175,76300.0 / 76500.0,20,105.95,4000.0,Target Hit (50% Premium Decay),1074.0,26.85
SENSEX,SENSEX SPOT,CE_SPREAD,2026-03-16 10:48:00,2026-03-16 14:21:00,0 days 03:33:00,71,74300.0 / 74500.0,20,101.0,4000.0,SL Hit (40% Premium Appreciation),-860.0,-21.5
SENSEX,SENSEX SPOT,PE_SPREAD,2026-03-17 09:18:00,2026-03-17 14:57:00,0 days 05:39:00,113,75400.0 / 75200.0,20,85.35,4000.0,Target Hit (50% Premium Decay),920.0,23.0
SENSEX,SENSEX SPOT,PE_SPREAD,2026-03-17 09:21:00,2026-03-17 14:57:00,0 days 05:36:00,112,75400.0 / 75200.0,20,83.95,4000.0,Target Hit (50% Premium Decay),892.0,22.3
SENSEX,SENSEX SPOT,PE_SPREAD,2026-03-17 09:24:00,2026-03-17 14:57:00,0 days 05:33:00,111,75400.0 / 75200.0,20,87.55,4000.0,Target Hit (50% Premium Decay),964.0,24.1
SENSEX,SENSEX SPOT,PE_SPREAD,2026-03-18 09:45:00,2026-03-19 09:15:00,0 days 23:30:00,115,76500.0 / 76300.0,20,92.85,4000.0,SL Hit (40% Premium Appreciation),-1531.0,-38.28
SENSEX,SENSEX SPOT,PE_SPREAD,2026-03-18 10:18:00,2026-03-19 09:15:00,0 days 22:57:00,104,76400.0 / 76200.0,20,84.75,4000.0,SL Hit (40% Premium Appreciation),-2000.0,-50.0
SENSEX,SENSEX SPOT,PE_SPREAD,2026-03-18 10:33:00,2026-03-19 09:15:00,0 days 22:42:00,99,76600.0 / 76400.0,20,93.75,4000.0,SL Hit (40% Premium Appreciation),-2403.0,-60.08
SENSEX,SENSEX SPOT,CE_SPREAD,2026-03-19 10:06:00,2026-03-23 09:15:00,3 days 23:09:00,233,75000.0 / 75200.0,20,110.95,4000.0,Time Stop (Max 3 Days Hit),1528.0,38.2
SENSEX,SENSEX SPOT,CE_SPREAD,2026-03-19 10:09:00,2026-03-23 09:15:00,3 days 23:06:00,232,75000.0 / 75200.0,20,103.6,4000.0,Time Stop (Max 3 Days Hit),1381.0,34.53
SENSEX,SENSEX SPOT,CE_SPREAD,2026-03-19 10:12:00,2026-03-23 09:15:00,3 days 23:03:00,231,74900.0 / 75100.0,20,110.6,4000.0,Time Stop (Max 3 Days Hit),1412.0,35.3
SENSEX,SENSEX SPOT,CE_SPREAD,2026-03-23 10:39:00,2026-03-23 15:27:00,0 days 04:48:00,96,72800.0 / 73000.0,20,100.75,4000.0,Monday Pre-Expiry Auto Square-Off,219.0,5.47
SENSEX,SENSEX SPOT,CE_SPREAD,2026-03-23 10:42:00,2026-03-23 15:27:00,0 days 04:45:00,95,72700.0 / 72900.0,20,108.1,4000.0,Monday Pre-Expiry Auto Square-Off,223.0,5.57
SENSEX,SENSEX SPOT,CE_SPREAD,2026-03-23 10:45:00,2026-03-23 15:27:00,0 days 04:42:00,94,72800.0 / 73000.0,20,98.05,4000.0,Monday Pre-Expiry Auto Square-Off,165.0,4.12
SENSEX,SENSEX SPOT,PE_SPREAD,2026-03-24 12:06:00,2026-03-24 13:30:00,0 days 01:24:00,28,73500.0 / 73300.0,20,81.45,4000.0,Target Hit (50% Premium Decay),819.0,20.47
SENSEX,SENSEX SPOT,PE_SPREAD,2026-03-24 12:09:00,2026-03-24 13:33:00,0 days 01:24:00,28,73500.0 / 73300.0,20,79.75,4000.0,Target Hit (50% Premium Decay),822.0,20.55
SENSEX,SENSEX SPOT,PE_SPREAD,2026-03-24 12:12:00,2026-03-24 13:33:00,0 days 01:21:00,27,73600.0 / 73400.0,20,86.0,4000.0,Target Hit (50% Premium Decay),913.0,22.83
SENSEX,SENSEX SPOT,PE_SPREAD,2026-03-25 10:09:00,2026-03-25 13:51:00,0 days 03:42:00,74,75200.0 / 75000.0,20,80.25,4000.0,Target Hit (50% Premium Decay),1228.0,30.7
SENSEX,SENSEX SPOT,PE_SPREAD,2026-03-25 10:24:00,2026-03-25 13:51:00,0 days 03:27:00,69,75200.0 / 75000.0,20,81.65,4000.0,Target Hit (50% Premium Decay),1256.0,31.4
SENSEX,SENSEX SPOT,PE_SPREAD,2026-03-25 10:27:00,2026-03-25 15:00:00,0 days 04:33:00,91,75300.0 / 75100.0,20,94.1,4000.0,Target Hit (50% Premium Decay),1189.0,29.72
SENSEX,SENSEX SPOT,CE_SPREAD,2026-03-30 09:36:00,2026-03-30 15:03:00,0 days 05:27:00,109,73000.0 / 73200.0,20,99.35,4000.0,Target Hit (50% Premium Decay),1016.0,25.4
SENSEX,SENSEX SPOT,CE_SPREAD,2026-03-30 09:39:00,2026-03-30 15:00:00,0 days 05:21:00,107,73100.0 / 73300.0,20,97.75,4000.0,Target Hit (50% Premium Decay),1071.0,26.78
SENSEX,SENSEX SPOT,CE_SPREAD,2026-03-30 09:42:00,2026-03-30 15:00:00,0 days 05:18:00,106,73100.0 / 73300.0,20,95.55,4000.0,Target Hit (50% Premium Decay),1027.0,25.68
SENSEX,SENSEX SPOT,PE_SPREAD,2026-04-01 12:03:00,2026-04-01 13:39:00,0 days 01:36:00,32,73600.0 / 73400.0,20,78.9,4000.0,SL Hit (40% Premium Appreciation),-657.0,-16.43
SENSEX,SENSEX SPOT,PE_SPREAD,2026-04-01 12:24:00,2026-04-01 13:42:00,0 days 01:18:00,26,73600.0 / 73400.0,20,81.5,4000.0,SL Hit (40% Premium Appreciation),-856.0,-21.4
SENSEX,SENSEX SPOT,PE_SPREAD,2026-04-01 12:27:00,2026-04-01 13:39:00,0 days 01:12:00,24,73600.0 / 73400.0,20,79.2,4000.0,SL Hit (40% Premium Appreciation),-651.0,-16.28
SENSEX,SENSEX SPOT,CE_SPREAD,2026-04-02 10:15:00,2026-04-02 13:51:00,0 days 03:36:00,72,71700.0 / 71900.0,20,113.8,4000.0,SL Hit (40% Premium Appreciation),-1657.0,-41.43
SENSEX,SENSEX SPOT,CE_SPREAD,2026-04-02 10:18:00,2026-04-02 13:27:00,0 days 03:09:00,63,71600.0 / 71800.0,20,114.85,4000.0,SL Hit (40% Premium Appreciation),-1141.0,-28.53
SENSEX,SENSEX SPOT,CE_SPREAD,2026-04-02 10:21:00,2026-04-02 12:27:00,0 days 02:06:00,42,71700.0 / 71900.0,20,84.0,4000.0,SL Hit (40% Premium Appreciation),-690.0,-17.25
SENSEX,SENSEX SPOT,PE_SPREAD,2026-04-06 12:18:00,2026-04-06 15:00:00,0 days 02:42:00,54,73100.0 / 72900.0,20,102.9,4000.0,Target Hit (50% Premium Decay),1105.0,27.63
SENSEX,SENSEX SPOT,PE_SPREAD,2026-04-06 12:21:00,2026-04-06 15:27:00,0 days 03:06:00,62,73300.0 / 73100.0,20,91.65,4000.0,Monday Pre-Expiry Auto Square-Off,785.0,19.62
SENSEX,SENSEX SPOT,PE_SPREAD,2026-04-06 12:33:00,2026-04-06 15:27:00,0 days 02:54:00,58,73200.0 / 73000.0,20,90.75,4000.0,Monday Pre-Expiry Auto Square-Off,729.0,18.23
SENSEX,SENSEX SPOT,PE_SPREAD,2026-04-07 11:48:00,2026-04-08 09:15:00,0 days 21:27:00,74,73900.0 / 73700.0,20,87.95,4000.0,Target Hit (50% Premium Decay),1718.0,42.95
SENSEX,SENSEX SPOT,PE_SPREAD,2026-04-07 11:51:00,2026-04-08 09:15:00,0 days 21:24:00,73,73900.0 / 73700.0,20,83.3,4000.0,Target Hit (50% Premium Decay),1625.0,40.62
SENSEX,SENSEX SPOT,PE_SPREAD,2026-04-07 11:54:00,2026-04-08 09:15:00,0 days 21:21:00,72,74000.0 / 73800.0,20,81.85,4000.0,Target Hit (50% Premium Decay),1592.0,39.8
SENSEX,SENSEX SPOT,PE_SPREAD,2026-04-08 10:06:00,2026-04-09 09:48:00,0 days 23:42:00,119,77400.0 / 77200.0,20,106.0,4000.0,SL Hit (40% Premium Appreciation),-890.0,-22.25
SENSEX,SENSEX SPOT,PE_SPREAD,2026-04-08 10:09:00,2026-04-09 09:48:00,0 days 23:39:00,118,77300.0 / 77100.0,20,97.55,4000.0,SL Hit (40% Premium Appreciation),-1006.0,-25.15
SENSEX,SENSEX SPOT,PE_SPREAD,2026-04-08 10:12:00,2026-04-09 09:48:00,0 days 23:36:00,117,77200.0 / 77000.0,20,92.0,4000.0,SL Hit (40% Premium Appreciation),-770.0,-19.25
SENSEX,SENSEX SPOT,CE_SPREAD,2026-04-13 09:57:00,2026-04-13 13:57:00,0 days 04:00:00,80,76300.0 / 76500.0,20,98.5,4000.0,SL Hit (40% Premium Appreciation),-820.0,-20.5
SENSEX,SENSEX SPOT,CE_SPREAD,2026-04-13 10:00:00,2026-04-13 13:57:00,0 days 03:57:00,79,76300.0 / 76500.0,20,97.1,4000.0,SL Hit (40% Premium Appreciation),-848.0,-21.2
SENSEX,SENSEX SPOT,CE_SPREAD,2026-04-13 10:03:00,2026-04-13 15:27:00,0 days 05:24:00,108,76300.0 / 76500.0,20,101.45,4000.0,Monday Pre-Expiry Auto Square-Off,-563.0,-14.07
SENSEX,SENSEX SPOT,PE_SPREAD,2026-04-15 10:39:00,2026-04-16 09:15:00,0 days 22:36:00,97,78200.0 / 78000.0,20,88.1,4000.0,Target Hit (50% Premium Decay),1157.0,28.93
SENSEX,SENSEX SPOT,PE_SPREAD,2026-04-15 10:42:00,2026-04-16 09:15:00,0 days 22:33:00,96,78200.0 / 78000.0,20,88.45,4000.0,Target Hit (50% Premium Decay),1164.0,29.1
SENSEX,SENSEX SPOT,PE_SPREAD,2026-04-15 10:45:00,2026-04-16 09:15:00,0 days 22:30:00,95,78100.0 / 77900.0,20,78.95,4000.0,Target Hit (50% Premium Decay),1108.0,27.7
SENSEX,SENSEX SPOT,PE_SPREAD,2026-04-21 12:21:00,2026-04-22 09:18:00,0 days 20:57:00,64,79300.0 / 79100.0,20,85.8,4000.0,SL Hit (40% Premium Appreciation),-824.0,-20.6
SENSEX,SENSEX SPOT,PE_SPREAD,2026-04-21 12:30:00,2026-04-22 09:18:00,0 days 20:48:00,61,79200.0 / 79000.0,20,80.4,4000.0,SL Hit (40% Premium Appreciation),-769.0,-19.22
SENSEX,SENSEX SPOT,PE_SPREAD,2026-04-21 12:33:00,2026-04-22 09:18:00,0 days 20:45:00,60,79300.0 / 79100.0,20,89.3,4000.0,SL Hit (40% Premium Appreciation),-754.0,-18.85
SENSEX,SENSEX SPOT,CE_SPREAD,2026-04-22 10:30:00,2026-04-23 09:15:00,0 days 22:45:00,100,78500.0 / 78700.0,20,93.5,4000.0,Target Hit (50% Premium Decay),1598.0,39.95
SENSEX,SENSEX SPOT,CE_SPREAD,2026-04-22 10:33:00,2026-04-23 09:15:00,0 days 22:42:00,99,78600.0 / 78800.0,20,87.1,4000.0,Target Hit (50% Premium Decay),1548.0,38.7
SENSEX,SENSEX SPOT,CE_SPREAD,2026-04-22 10:36:00,2026-04-23 09:15:00,0 days 22:39:00,98,78600.0 / 78800.0,20,90.45,4000.0,Target Hit (50% Premium Decay),1615.0,40.37
SENSEX,SENSEX SPOT,CE_SPREAD,2026-04-23 09:45:00,2026-04-24 10:42:00,1 days 00:57:00,144,78000.0 / 78200.0,20,100.75,4000.0,Target Hit (50% Premium Decay),1015.0,25.37
SENSEX,SENSEX SPOT,CE_SPREAD,2026-04-23 09:48:00,2026-04-24 09:54:00,1 days 00:06:00,127,78000.0 / 78200.0,20,104.9,4000.0,Target Hit (50% Premium Decay),1060.0,26.5
SENSEX,SENSEX SPOT,CE_SPREAD,2026-04-23 09:51:00,2026-04-24 10:27:00,1 days 00:36:00,137,78100.0 / 78300.0,20,97.6,4000.0,Target Hit (50% Premium Decay),1007.0,25.18
SENSEX,SENSEX SPOT,PE_SPREAD,2026-04-28 09:51:00,2026-04-28 13:33:00,0 days 03:42:00,74,77300.0 / 77100.0,20,87.05,4000.0,SL Hit (40% Premium Appreciation),-811.0,-20.28
SENSEX,SENSEX SPOT,PE_SPREAD,2026-04-28 09:57:00,2026-04-28 12:12:00,0 days 02:15:00,45,77400.0 / 77200.0,20,84.4,4000.0,SL Hit (40% Premium Appreciation),-677.0,-16.93
SENSEX,SENSEX SPOT,CE_SPREAD,2026-04-28 11:48:00,2026-04-29 10:06:00,0 days 22:18:00,91,77200.0 / 77400.0,20,96.2,4000.0,SL Hit (40% Premium Appreciation),-834.0,-20.85
SENSEX,SENSEX SPOT,CE_SPREAD,2026-04-28 12:18:00,2026-04-29 09:45:00,0 days 21:27:00,74,77100.0 / 77300.0,20,89.75,4000.0,SL Hit (40% Premium Appreciation),-750.0,-18.75
SENSEX,SENSEX SPOT,PE_SPREAD,2026-04-29 09:42:00,2026-04-29 11:00:00,0 days 01:18:00,26,77300.0 / 77100.0,20,77.0,4000.0,Target Hit (50% Premium Decay),780.0,19.5
SENSEX,SENSEX SPOT,PE_SPREAD,2026-04-29 10:42:00,2026-04-29 15:24:00,0 days 04:42:00,94,77800.0 / 77600.0,20,87.9,4000.0,SL Hit (40% Premium Appreciation),-823.0,-20.57
SENSEX,SENSEX SPOT,PE_SPREAD,2026-04-29 10:45:00,2026-04-29 15:24:00,0 days 04:39:00,93,77800.0 / 77600.0,20,90.8,4000.0,SL Hit (40% Premium Appreciation),-765.0,-19.12
SENSEX,SENSEX SPOT,PE_SPREAD,2026-04-29 11:06:00,2026-04-29 14:57:00,0 days 03:51:00,77,77800.0 / 77600.0,20,81.05,4000.0,SL Hit (40% Premium Appreciation),-655.0,-16.38
SENSEX,SENSEX SPOT,CE_SPREAD,2026-04-30 09:48:00,2026-04-30 13:51:00,0 days 04:03:00,81,76700.0 / 76900.0,20,89.2,4000.0,SL Hit (40% Premium Appreciation),-734.0,-18.35
SENSEX,SENSEX SPOT,CE_SPREAD,2026-04-30 09:54:00,2026-04-30 14:00:00,0 days 04:06:00,82,76700.0 / 76900.0,20,92.85,4000.0,SL Hit (40% Premium Appreciation),-802.0,-20.05
SENSEX,SENSEX SPOT,CE_SPREAD,2026-04-30 10:33:00,2026-04-30 14:42:00,0 days 04:09:00,83,76400.0 / 76600.0,20,101.5,4000.0,SL Hit (40% Premium Appreciation),-1167.0,-29.18
SENSEX,SENSEX SPOT,PE_SPREAD,2026-05-04 09:54:00,2026-05-04 13:21:00,0 days 03:27:00,69,77700.0 / 77500.0,20,85.9,4000.0,SL Hit (40% Premium Appreciation),-725.0,-18.12
SENSEX,SENSEX SPOT,PE_SPREAD,2026-05-04 09:57:00,2026-05-04 12:15:00,0 days 02:18:00,46,77700.0 / 77500.0,20,82.25,4000.0,SL Hit (40% Premium Appreciation),-672.0,-16.8
SENSEX,SENSEX SPOT,PE_SPREAD,2026-05-04 10:00:00,2026-05-04 13:21:00,0 days 03:21:00,67,77700.0 / 77500.0,20,85.25,4000.0,SL Hit (40% Premium Appreciation),-738.0,-18.45
SENSEX,SENSEX SPOT,CE_SPREAD,2026-05-05 09:36:00,2026-05-06 09:15:00,0 days 23:39:00,118,77100.0 / 77300.0,20,95.0,4000.0,SL Hit (40% Premium Appreciation),-998.0,-24.95
SENSEX,SENSEX SPOT,CE_SPREAD,2026-05-05 09:39:00,2026-05-06 09:15:00,0 days 23:36:00,117,77000.0 / 77200.0,20,93.35,4000.0,SL Hit (40% Premium Appreciation),-1062.0,-26.55
SENSEX,SENSEX SPOT,CE_SPREAD,2026-05-05 09:42:00,2026-05-06 09:15:00,0 days 23:33:00,116,76900.0 / 77100.0,20,99.8,4000.0,SL Hit (40% Premium Appreciation),-1150.0,-28.75
SENSEX,SENSEX SPOT,PE_SPREAD,2026-05-06 09:48:00,2026-05-06 12:21:00,0 days 02:33:00,51,77300.0 / 77100.0,20,84.75,4000.0,SL Hit (40% Premium Appreciation),-709.0,-17.73
SENSEX,SENSEX SPOT,PE_SPREAD,2026-05-06 09:51:00,2026-05-06 12:18:00,0 days 02:27:00,49,77200.0 / 77000.0,20,69.5,4000.0,SL Hit (40% Premium Appreciation),-600.0,-15.0
SENSEX,SENSEX SPOT,PE_SPREAD,2026-05-06 09:54:00,2026-05-06 11:36:00,0 days 01:42:00,34,77300.0 / 77100.0,20,72.8,4000.0,SL Hit (40% Premium Appreciation),-633.0,-15.83
SENSEX,SENSEX SPOT,PE_SPREAD,2026-05-07 09:21:00,2026-05-08 12:39:00,1 days 03:18:00,191,77900.0 / 77700.0,20,91.15,4000.0,SL Hit (40% Premium Appreciation),-795.0,-19.88
SENSEX,SENSEX SPOT,PE_SPREAD,2026-05-07 09:24:00,2026-05-07 10:09:00,0 days 00:45:00,15,77900.0 / 77700.0,20,85.6,4000.0,SL Hit (40% Premium Appreciation),-735.0,-18.38
SENSEX,SENSEX SPOT,PE_SPREAD,2026-05-07 09:27:00,2026-05-07 10:09:00,0 days 00:42:00,14,77900.0 / 77700.0,20,85.5,4000.0,SL Hit (40% Premium Appreciation),-737.0,-18.43
SENSEX,SENSEX SPOT,PE_SPREAD,2026-05-07 12:33:00,2026-05-08 09:33:00,0 days 21:00:00,65,77900.0 / 77700.0,20,81.7,4000.0,SL Hit (40% Premium Appreciation),-710.0,-17.75
SENSEX,SENSEX SPOT,PE_SPREAD,2026-05-07 12:36:00,2026-05-08 09:42:00,0 days 21:06:00,67,77900.0 / 77700.0,20,87.25,4000.0,SL Hit (40% Premium Appreciation),-700.0,-17.5
SENSEX,SENSEX SPOT,CE_SPREAD,2026-05-11 10:09:00,2026-05-11 15:27:00,0 days 05:18:00,106,76300.0 / 76500.0,20,98.8,4000.0,Monday Pre-Expiry Auto Square-Off,256.0,6.4
SENSEX,SENSEX SPOT,CE_SPREAD,2026-05-11 10:12:00,2026-05-11 15:27:00,0 days 05:15:00,105,76300.0 / 76500.0,20,98.45,4000.0,Monday Pre-Expiry Auto Square-Off,249.0,6.23
SENSEX,SENSEX SPOT,CE_SPREAD,2026-05-11 10:15:00,2026-05-11 15:27:00,0 days 05:12:00,104,76300.0 / 76500.0,20,96.75,4000.0,Monday Pre-Expiry Auto Square-Off,215.0,5.38
SENSEX,SENSEX SPOT,CE_SPREAD,2026-05-12 09:57:00,2026-05-12 15:00:00,0 days 05:03:00,101,75300.0 / 75500.0,20,96.25,4000.0,Target Hit (50% Premium Decay),1025.0,25.62
SENSEX,SENSEX SPOT,CE_SPREAD,2026-05-12 10:09:00,2026-05-12 15:00:00,0 days 04:51:00,97,75300.0 / 75500.0,20,101.9,4000.0,Target Hit (50% Premium Decay),1138.0,28.45
SENSEX,SENSEX SPOT,CE_SPREAD,2026-05-12 10:12:00,2026-05-12 14:54:00,0 days 04:42:00,94,75400.0 / 75600.0,20,92.65,4000.0,Target Hit (50% Premium Decay),950.0,23.75
SENSEX,SENSEX SPOT,PE_SPREAD,2026-05-14 12:33:00,2026-05-18 09:15:00,3 days 20:42:00,184,75400.0 / 75200.0,20,75.0,4000.0,Time Stop (Max 3 Days Hit),-1736.0,-43.4
SENSEX,SENSEX SPOT,PE_SPREAD,2026-05-14 12:36:00,2026-05-18 09:15:00,3 days 20:39:00,183,75400.0 / 75200.0,20,79.85,4000.0,Time Stop (Max 3 Days Hit),-1639.0,-40.98
SENSEX,SENSEX SPOT,PE_SPREAD,2026-05-14 12:39:00,2026-05-18 09:15:00,3 days 20:36:00,182,75400.0 / 75200.0,20,86.7,4000.0,Time Stop (Max 3 Days Hit),-1502.0,-37.55
SENSEX,SENSEX SPOT,CE_SPREAD,2026-05-18 10:03:00,2026-05-18 12:33:00,0 days 02:30:00,50,74300.0 / 74500.0,20,106.35,4000.0,SL Hit (40% Premium Appreciation),-927.0,-23.18
SENSEX,SENSEX SPOT,CE_SPREAD,2026-05-18 10:06:00,2026-05-18 12:30:00,0 days 02:24:00,48,74300.0 / 74500.0,20,98.2,4000.0,SL Hit (40% Premium Appreciation),-861.0,-21.53
SENSEX,SENSEX SPOT,CE_SPREAD,2026-05-18 10:09:00,2026-05-18 12:33:00,0 days 02:24:00,48,74300.0 / 74500.0,20,102.7,4000.0,SL Hit (40% Premium Appreciation),-1000.0,-25.0
SENSEX,SENSEX SPOT,PE_SPREAD,2026-05-19 09:36:00,2026-05-20 09:15:00,0 days 23:39:00,118,75400.0 / 75200.0,20,82.4,4000.0,SL Hit (40% Premium Appreciation),-1156.0,-28.9
SENSEX,SENSEX SPOT,PE_SPREAD,2026-05-19 09:39:00,2026-05-19 15:15:00,0 days 05:36:00,112,75500.0 / 75300.0,20,82.4,4000.0,SL Hit (40% Premium Appreciation),-705.0,-17.62
SENSEX,SENSEX SPOT,PE_SPREAD,2026-05-19 09:42:00,2026-05-19 15:06:00,0 days 05:24:00,108,75600.0 / 75400.0,20,82.15,4000.0,SL Hit (40% Premium Appreciation),-684.0,-17.1
SENSEX,SENSEX SPOT,CE_SPREAD,2026-05-20 09:33:00,2026-05-20 11:48:00,0 days 02:15:00,45,74900.0 / 75100.0,20,85.1,4000.0,SL Hit (40% Premium Appreciation),-809.0,-20.22
SENSEX,SENSEX SPOT,CE_SPREAD,2026-05-20 09:36:00,2026-05-20 14:09:00,0 days 04:33:00,91,74900.0 / 75100.0,20,93.7,4000.0,SL Hit (40% Premium Appreciation),-753.0,-18.83
SENSEX,SENSEX SPOT,CE_SPREAD,2026-05-20 09:39:00,2026-05-20 11:48:00,0 days 02:09:00,43,74900.0 / 75100.0,20,84.8,4000.0,SL Hit (40% Premium Appreciation),-815.0,-20.38
SENSEX,SENSEX SPOT,PE_SPREAD,2026-05-21 10:00:00,2026-05-21 12:27:00,0 days 02:27:00,49,75600.0 / 75400.0,20,80.7,4000.0,SL Hit (40% Premium Appreciation),-773.0,-19.32
SENSEX,SENSEX SPOT,PE_SPREAD,2026-05-21 10:03:00,2026-05-21 13:06:00,0 days 03:03:00,61,75600.0 / 75400.0,20,95.55,4000.0,SL Hit (40% Premium Appreciation),-790.0,-19.75
SENSEX,SENSEX SPOT,PE_SPREAD,2026-05-21 10:06:00,2026-05-21 12:39:00,0 days 02:33:00,51,75600.0 / 75400.0,20,86.8,4000.0,SL Hit (40% Premium Appreciation),-780.0,-19.5
SENSEX,SENSEX SPOT,PE_SPREAD,2026-05-25 09:51:00,2026-05-25 15:27:00,0 days 05:36:00,112,76200.0 / 76000.0,20,90.65,4000.0,Monday Pre-Expiry Auto Square-Off,1009.0,25.22
SENSEX,SENSEX SPOT,PE_SPREAD,2026-05-25 09:54:00,2026-05-25 15:27:00,0 days 05:33:00,111,76100.0 / 75900.0,20,81.25,4000.0,Monday Pre-Expiry Auto Square-Off,918.0,22.95
SENSEX,SENSEX SPOT,PE_SPREAD,2026-05-25 09:57:00,2026-05-25 15:27:00,0 days 05:30:00,110,76200.0 / 76000.0,20,86.65,4000.0,Monday Pre-Expiry Auto Square-Off,929.0,23.23
SENSEX,SENSEX SPOT,PE_SPREAD,2026-05-26 09:21:00,2026-05-26 13:48:00,0 days 04:27:00,89,76400.0 / 76200.0,20,81.5,4000.0,SL Hit (40% Premium Appreciation),-813.0,-20.32
SENSEX,SENSEX SPOT,PE_SPREAD,2026-05-26 09:24:00,2026-05-26 13:48:00,0 days 04:24:00,88,76400.0 / 76200.0,20,82.35,4000.0,SL Hit (40% Premium Appreciation),-796.0,-19.9
SENSEX,SENSEX SPOT,PE_SPREAD,2026-05-26 09:27:00,2026-05-26 13:12:00,0 days 03:45:00,75,76400.0 / 76200.0,20,78.05,4000.0,SL Hit (40% Premium Appreciation),-679.0,-16.97
SENSEX,SENSEX SPOT,CE_SPREAD,2026-05-27 09:18:00,2026-06-01 09:15:00,4 days 23:57:00,249,76000.0 / 76200.0,20,96.4,4000.0,Time Stop (Max 3 Days Hit),992.0,24.8
SENSEX,SENSEX SPOT,CE_SPREAD,2026-05-27 09:21:00,2026-05-29 15:00:00,2 days 05:39:00,238,76100.0 / 76300.0,20,109.3,4000.0,Target Hit (50% Premium Decay),1136.0,28.4
SENSEX,SENSEX SPOT,CE_SPREAD,2026-05-27 09:24:00,2026-06-01 09:15:00,4 days 23:51:00,247,76100.0 / 76300.0,20,89.0,4000.0,Time Stop (Max 3 Days Hit),927.0,23.18
SENSEX,SENSEX SPOT,CE_SPREAD,2026-06-01 09:18:00,2026-06-01 14:51:00,0 days 05:33:00,111,75100.0 / 75300.0,20,101.15,4000.0,Target Hit (50% Premium Decay),1032.0,25.8
SENSEX,SENSEX SPOT,CE_SPREAD,2026-06-01 09:21:00,2026-06-01 15:27:00,0 days 06:06:00,122,75100.0 / 75300.0,20,94.65,4000.0,Monday Pre-Expiry Auto Square-Off,914.0,22.85
SENSEX,SENSEX SPOT,CE_SPREAD,2026-06-01 09:24:00,2026-06-01 15:27:00,0 days 06:03:00,121,75000.0 / 75200.0,20,102.0,4000.0,Monday Pre-Expiry Auto Square-Off,916.0,22.9
SENSEX,SENSEX SPOT,CE_SPREAD,2026-06-02 09:39:00,2026-06-02 12:45:00,0 days 03:06:00,62,74000.0 / 74200.0,20,98.95,4000.0,SL Hit (40% Premium Appreciation),-895.0,-22.38
SENSEX,SENSEX SPOT,CE_SPREAD,2026-06-02 09:42:00,2026-06-02 12:48:00,0 days 03:06:00,62,74000.0 / 74200.0,20,103.7,4000.0,SL Hit (40% Premium Appreciation),-888.0,-22.2
SENSEX,SENSEX SPOT,CE_SPREAD,2026-06-02 10:03:00,2026-06-02 12:48:00,0 days 02:45:00,55,74100.0 / 74300.0,20,98.05,4000.0,SL Hit (40% Premium Appreciation),-855.0,-21.38
SENSEX,SENSEX SPOT,CE_SPREAD,2026-06-03 09:54:00,2026-06-03 12:33:00,0 days 02:39:00,53,73900.0 / 74100.0,20,80.35,4000.0,SL Hit (40% Premium Appreciation),-787.0,-19.68
SENSEX,SENSEX SPOT,CE_SPREAD,2026-06-03 09:57:00,2026-06-03 13:24:00,0 days 03:27:00,69,73700.0 / 73900.0,20,103.6,4000.0,SL Hit (40% Premium Appreciation),-859.0,-21.47
SENSEX,SENSEX SPOT,CE_SPREAD,2026-06-03 10:06:00,2026-06-03 13:15:00,0 days 03:09:00,63,73900.0 / 74100.0,20,87.35,4000.0,SL Hit (40% Premium Appreciation),-739.0,-18.47
SENSEX,SENSEX SPOT,PE_SPREAD,2026-06-04 09:48:00,2026-06-08 09:15:00,3 days 23:27:00,239,74200.0 / 74000.0,20,78.55,4000.0,Time Stop (Max 3 Days Hit),-899.0,-22.47
SENSEX,SENSEX SPOT,PE_SPREAD,2026-06-04 10:18:00,2026-06-04 13:12:00,0 days 02:54:00,58,74400.0 / 74200.0,20,85.45,4000.0,SL Hit (40% Premium Appreciation),-1658.0,-41.45
SENSEX,SENSEX SPOT,PE_SPREAD,2026-06-04 10:30:00,2026-06-04 13:12:00,0 days 02:42:00,54,74400.0 / 74200.0,20,91.0,4000.0,SL Hit (40% Premium Appreciation),-1547.0,-38.68
SENSEX,SENSEX SPOT,CE_SPREAD,2026-06-08 10:21:00,2026-06-08 15:27:00,0 days 05:06:00,102,73600.0 / 73800.0,20,99.25,4000.0,Monday Pre-Expiry Auto Square-Off,294.0,7.35
SENSEX,SENSEX SPOT,CE_SPREAD,2026-06-08 10:24:00,2026-06-08 15:27:00,0 days 05:03:00,101,73700.0 / 73900.0,20,94.35,4000.0,Monday Pre-Expiry Auto Square-Off,344.0,8.6
SENSEX,SENSEX SPOT,CE_SPREAD,2026-06-08 10:27:00,2026-06-08 15:27:00,0 days 05:00:00,100,73600.0 / 73800.0,20,99.2,4000.0,Monday Pre-Expiry Auto Square-Off,293.0,7.33
SENSEX,SENSEX SPOT,PE_SPREAD,2026-06-10 10:03:00,2026-06-10 14:51:00,0 days 04:48:00,96,74400.0 / 74200.0,20,91.85,4000.0,SL Hit (40% Premium Appreciation),-827.0,-20.67
SENSEX,SENSEX SPOT,PE_SPREAD,2026-06-10 10:06:00,2026-06-10 14:48:00,0 days 04:42:00,94,74300.0 / 74100.0,20,81.85,4000.0,SL Hit (40% Premium Appreciation),-667.0,-16.67
SENSEX,SENSEX SPOT,PE_SPREAD,2026-06-10 10:09:00,2026-06-10 15:09:00,0 days 05:00:00,100,74400.0 / 74200.0,20,96.25,4000.0,SL Hit (40% Premium Appreciation),-833.0,-20.82
SENSEX,SENSEX SPOT,CE_SPREAD,2026-06-11 09:42:00,2026-06-11 12:54:00,0 days 03:12:00,64,73600.0 / 73800.0,20,105.35,4000.0,SL Hit (40% Premium Appreciation),-1077.0,-26.93
SENSEX,SENSEX SPOT,CE_SPREAD,2026-06-11 09:45:00,2026-06-11 12:18:00,0 days 02:33:00,51,73700.0 / 73900.0,20,102.8,4000.0,SL Hit (40% Premium Appreciation),-944.0,-23.6
SENSEX,SENSEX SPOT,CE_SPREAD,2026-06-11 09:48:00,2026-06-11 13:06:00,0 days 03:18:00,66,73800.0 / 74000.0,20,104.2,4000.0,SL Hit (40% Premium Appreciation),-1000.0,-25.0
SENSEX,SENSEX SPOT,PE_SPREAD,2026-06-11 12:24:00,2026-06-11 15:03:00,0 days 02:39:00,53,74300.0 / 74100.0,20,84.35,4000.0,SL Hit (40% Premium Appreciation),-704.0,-17.6
SENSEX,SENSEX SPOT,PE_SPREAD,2026-06-11 12:54:00,2026-06-11 15:03:00,0 days 02:09:00,43,74300.0 / 74100.0,20,83.8,4000.0,SL Hit (40% Premium Appreciation),-715.0,-17.88
SENSEX,SENSEX SPOT,PE_SPREAD,2026-06-15 10:09:00,2026-06-15 15:27:00,0 days 05:18:00,106,76600.0 / 76400.0,20,91.45,4000.0,Monday Pre-Expiry Auto Square-Off,-477.0,-11.93
SENSEX,SENSEX SPOT,PE_SPREAD,2026-06-15 10:12:00,2026-06-15 15:27:00,0 days 05:15:00,105,76600.0 / 76400.0,20,88.4,4000.0,Monday Pre-Expiry Auto Square-Off,-538.0,-13.45
SENSEX,SENSEX SPOT,PE_SPREAD,2026-06-15 10:15:00,2026-06-15 15:27:00,0 days 05:12:00,104,76600.0 / 76400.0,20,89.35,4000.0,Monday Pre-Expiry Auto Square-Off,-519.0,-12.98
SENSEX,SENSEX SPOT,PE_SPREAD,2026-06-16 09:48:00,2026-06-17 09:42:00,0 days 23:54:00,123,76600.0 / 76400.0,20,93.8,4000.0,Target Hit (50% Premium Decay),974.0,24.35
SENSEX,SENSEX SPOT,PE_SPREAD,2026-06-16 09:51:00,2026-06-17 09:57:00,1 days 00:06:00,127,76600.0 / 76400.0,20,88.45,4000.0,Target Hit (50% Premium Decay),906.0,22.65
SENSEX,SENSEX SPOT,PE_SPREAD,2026-06-16 09:54:00,2026-06-17 09:57:00,1 days 00:03:00,126,76600.0 / 76400.0,20,88.75,4000.0,Target Hit (50% Premium Decay),912.0,22.8
SENSEX,SENSEX SPOT,PE_SPREAD,2026-06-17 10:03:00,2026-06-18 09:42:00,0 days 23:39:00,118,77000.0 / 76800.0,20,87.35,4000.0,Target Hit (50% Premium Decay),970.0,24.25
SENSEX,SENSEX SPOT,PE_SPREAD,2026-06-17 10:06:00,2026-06-18 09:42:00,0 days 23:36:00,117,77000.0 / 76800.0,20,78.35,4000.0,Target Hit (50% Premium Decay),790.0,19.75
SENSEX,SENSEX SPOT,PE_SPREAD,2026-06-17 10:09:00,2026-06-18 09:45:00,0 days 23:36:00,117,77100.0 / 76900.0,20,89.75,4000.0,Target Hit (50% Premium Decay),931.0,23.28
SENSEX,SENSEX SPOT,PE_SPREAD,2026-06-18 09:42:00,2026-06-19 13:03:00,1 days 03:21:00,192,77200.0 / 77000.0,20,95.7,4000.0,SL Hit (40% Premium Appreciation),-831.0,-20.78
SENSEX,SENSEX SPOT,PE_SPREAD,2026-06-18 10:03:00,2026-06-19 12:06:00,1 days 02:03:00,166,77300.0 / 77100.0,20,100.35,4000.0,SL Hit (40% Premium Appreciation),-812.0,-20.3
SENSEX,SENSEX SPOT,PE_SPREAD,2026-06-18 10:06:00,2026-06-19 09:24:00,0 days 23:18:00,111,77200.0 / 77000.0,20,87.15,4000.0,SL Hit (40% Premium Appreciation),-722.0,-18.05
SENSEX,SENSEX SPOT,PE_SPREAD,2026-06-22 09:45:00,2026-06-22 15:27:00,0 days 05:42:00,114,77100.0 / 76900.0,20,86.45,4000.0,Monday Pre-Expiry Auto Square-Off,67.0,1.67
SENSEX,SENSEX SPOT,PE_SPREAD,2026-06-22 09:48:00,2026-06-22 15:27:00,0 days 05:39:00,113,77100.0 / 76900.0,20,80.65,4000.0,Monday Pre-Expiry Auto Square-Off,-49.0,-1.23
SENSEX,SENSEX SPOT,PE_SPREAD,2026-06-22 09:51:00,2026-06-22 15:27:00,0 days 05:36:00,112,77200.0 / 77000.0,20,88.95,4000.0,Monday Pre-Expiry Auto Square-Off,38.0,0.95
SENSEX,SENSEX SPOT,CE_SPREAD,2026-06-23 11:33:00,2026-06-23 13:00:00,0 days 01:27:00,29,77100.0 / 77300.0,20,94.05,4000.0,Target Hit (50% Premium Decay),975.0,24.38
SENSEX,SENSEX SPOT,CE_SPREAD,2026-06-23 12:39:00,2026-06-24 11:48:00,0 days 23:09:00,108,76600.0 / 76800.0,20,94.9,4000.0,SL Hit (40% Premium Appreciation),-764.0,-19.1
SENSEX,SENSEX SPOT,CE_SPREAD,2026-06-23 12:42:00,2026-06-24 11:42:00,0 days 23:00:00,105,76600.0 / 76800.0,20,92.3,4000.0,SL Hit (40% Premium Appreciation),-769.0,-19.23
SENSEX,SENSEX SPOT,CE_SPREAD,2026-06-23 13:00:00,2026-06-24 11:00:00,0 days 22:00:00,85,76600.0 / 76800.0,20,81.7,4000.0,SL Hit (40% Premium Appreciation),-688.0,-17.2
SENSEX,SENSEX SPOT,PE_SPREAD,2026-06-24 11:21:00,2026-06-25 09:15:00,0 days 21:54:00,83,76900.0 / 76700.0,20,93.6,4000.0,Target Hit (50% Premium Decay),1474.0,36.85
SENSEX,SENSEX SPOT,PE_SPREAD,2026-06-24 11:45:00,2026-06-25 09:15:00,0 days 21:30:00,75,76900.0 / 76700.0,20,79.35,4000.0,Target Hit (50% Premium Decay),1189.0,29.72
SENSEX,SENSEX SPOT,PE_SPREAD,2026-06-24 12:00:00,2026-06-25 09:15:00,0 days 21:15:00,70,76900.0 / 76700.0,20,79.25,4000.0,Target Hit (50% Premium Decay),1187.0,29.68
SENSEX,SENSEX SPOT,PE_SPREAD,2026-06-25 10:06:00,2026-06-25 15:27:00,0 days 05:21:00,107,77500.0 / 77300.0,20,84.7,4000.0,SL Hit (40% Premium Appreciation),-901.0,-22.53
SENSEX,SENSEX SPOT,PE_SPREAD,2026-06-25 10:09:00,2026-06-25 15:24:00,0 days 05:15:00,105,77500.0 / 77300.0,20,82.45,4000.0,SL Hit (40% Premium Appreciation),-690.0,-17.25
SENSEX,SENSEX SPOT,PE_SPREAD,2026-06-25 10:12:00,2026-06-25 14:42:00,0 days 04:30:00,90,77500.0 / 77300.0,20,82.05,4000.0,SL Hit (40% Premium Appreciation),-659.0,-16.47
SENSEX,SENSEX SPOT,CE_SPREAD,2026-06-29 12:12:00,2026-06-29 15:27:00,0 days 03:15:00,65,76900.0 / 77100.0,20,96.2,4000.0,Monday Pre-Expiry Auto Square-Off,281.0,7.03
SENSEX,SENSEX SPOT,CE_SPREAD,2026-06-29 12:15:00,2026-06-29 15:27:00,0 days 03:12:00,64,76800.0 / 77000.0,20,98.55,4000.0,Monday Pre-Expiry Auto Square-Off,143.0,3.57
SENSEX,SENSEX SPOT,CE_SPREAD,2026-06-29 12:48:00,2026-06-29 15:27:00,0 days 02:39:00,53,76700.0 / 76900.0,20,98.2,4000.0,Monday Pre-Expiry Auto Square-Off,-79.0,-1.97
SENSEX,SENSEX SPOT,CE_SPREAD,2026-06-30 09:57:00,2026-07-01 10:15:00,1 days 00:18:00,131,76600.0 / 76800.0,20,89.35,4000.0,SL Hit (40% Premium Appreciation),-741.0,-18.53
SENSEX,SENSEX SPOT,CE_SPREAD,2026-06-30 10:00:00,2026-07-01 10:18:00,1 days 00:18:00,131,76600.0 / 76800.0,20,92.45,4000.0,SL Hit (40% Premium Appreciation),-773.0,-19.32
SENSEX,SENSEX SPOT,CE_SPREAD,2026-06-30 10:48:00,2026-07-01 11:57:00,1 days 01:09:00,148,76600.0 / 76800.0,20,99.95,4000.0,SL Hit (40% Premium Appreciation),-846.0,-21.15
SENSEX,SENSEX SPOT,PE_SPREAD,2026-07-06 10:09:00,2026-07-06 15:27:00,0 days 05:18:00,106,78100.0 / 77900.0,20,84.5,4000.0,Monday Pre-Expiry Auto Square-Off,363.0,9.08
SENSEX,SENSEX SPOT,PE_SPREAD,2026-07-06 10:12:00,2026-07-06 15:27:00,0 days 05:15:00,105,78100.0 / 77900.0,20,85.7,4000.0,Monday Pre-Expiry Auto Square-Off,387.0,9.67
SENSEX,SENSEX SPOT,PE_SPREAD,2026-07-06 10:15:00,2026-07-06 15:27:00,0 days 05:12:00,104,78100.0 / 77900.0,20,82.25,4000.0,Monday Pre-Expiry Auto Square-Off,318.0,7.95
SENSEX,SENSEX SPOT,PE_SPREAD,2026-07-07 09:24:00,2026-07-08 09:15:00,0 days 23:51:00,122,78400.0 / 78200.0,20,95.7,4000.0,SL Hit (40% Premium Appreciation),-1223.0,-30.57
SENSEX,SENSEX SPOT,PE_SPREAD,2026-07-07 09:27:00,2026-07-07 15:24:00,0 days 05:57:00,119,78300.0 / 78100.0,20,79.1,4000.0,SL Hit (40% Premium Appreciation),-758.0,-18.95
SENSEX,SENSEX SPOT,PE_SPREAD,2026-07-07 09:30:00,2026-07-08 09:15:00,0 days 23:45:00,120,78400.0 / 78200.0,20,97.6,4000.0,SL Hit (40% Premium Appreciation),-1185.0,-29.62
SENSEX,SENSEX SPOT,CE_SPREAD,2026-07-08 09:51:00,2026-07-08 13:45:00,0 days 03:54:00,78,77700.0 / 77900.0,20,87.6,4000.0,Target Hit (50% Premium Decay),1059.0,26.47
SENSEX,SENSEX SPOT,CE_SPREAD,2026-07-08 09:54:00,2026-07-08 13:45:00,0 days 03:51:00,77,77700.0 / 77900.0,20,84.55,4000.0,Target Hit (50% Premium Decay),998.0,24.95
SENSEX,SENSEX SPOT,CE_SPREAD,2026-07-08 09:57:00,2026-07-08 13:45:00,0 days 03:48:00,76,77700.0 / 77900.0,20,80.0,4000.0,Target Hit (50% Premium Decay),907.0,22.68
SENSEX,SENSEX SPOT,CE_SPREAD,2026-07-09 12:36:00,2026-07-10 15:27:00,1 days 02:51:00,182,77000.0 / 77200.0,20,105.95,4000.0,SL Hit (40% Premium Appreciation),-972.0,-24.3
SENSEX,SENSEX SPOT,CE_SPREAD,2026-07-09 12:54:00,2026-07-10 15:27:00,1 days 02:33:00,176,77000.0 / 77200.0,20,103.15,4000.0,SL Hit (40% Premium Appreciation),-1028.0,-25.7
SENSEX,SENSEX SPOT,CE_SPREAD,2026-07-09 12:57:00,2026-07-10 10:12:00,0 days 21:15:00,70,77000.0 / 77200.0,20,97.7,4000.0,SL Hit (40% Premium Appreciation),-798.0,-19.95
SENSEX,SENSEX SPOT,CE_SPREAD,2026-07-14 10:03:00,2026-07-15 09:21:00,0 days 23:18:00,111,77200.0 / 77400.0,20,89.3,4000.0,SL Hit (40% Premium Appreciation),-717.0,-17.93
SENSEX,SENSEX SPOT,CE_SPREAD,2026-07-14 10:06:00,2026-07-15 09:24:00,0 days 23:18:00,111,77200.0 / 77400.0,20,91.95,4000.0,SL Hit (40% Premium Appreciation),-800.0,-20.0
SENSEX,SENSEX SPOT,CE_SPREAD,2026-07-14 10:09:00,2026-07-15 09:24:00,0 days 23:15:00,110,77200.0 / 77400.0,20,90.4,4000.0,SL Hit (40% Premium Appreciation),-831.0,-20.77
SENSEX,SENSEX SPOT,PE_SPREAD,2026-07-15 10:00:00,2026-07-15 12:54:00,0 days 02:54:00,58,77500.0 / 77300.0,20,83.9,4000.0,SL Hit (40% Premium Appreciation),-1216.0,-30.4
SENSEX,SENSEX SPOT,PE_SPREAD,2026-07-15 10:03:00,2026-07-15 12:54:00,0 days 02:51:00,57,77500.0 / 77300.0,20,82.8,4000.0,SL Hit (40% Premium Appreciation),-1238.0,-30.95
SENSEX,SENSEX SPOT,PE_SPREAD,2026-07-15 10:06:00,2026-07-15 12:54:00,0 days 02:48:00,56,77500.0 / 77300.0,20,78.9,4000.0,SL Hit (40% Premium Appreciation),-1316.0,-32.9
SENSEX,SENSEX SPOT,PE_SPREAD,2026-07-16 09:51:00,2026-07-20 09:15:00,3 days 23:24:00,238,77400.0 / 77200.0,20,84.9,4000.0,Time Stop (Max 3 Days Hit),273.0,6.82
SENSEX,SENSEX SPOT,PE_SPREAD,2026-07-16 09:54:00,2026-07-20 09:15:00,3 days 23:21:00,237,77400.0 / 77200.0,20,83.75,4000.0,Time Stop (Max 3 Days Hit),250.0,6.25
SENSEX,SENSEX SPOT,PE_SPREAD,2026-07-16 09:57:00,2026-07-20 09:15:00,3 days 23:18:00,236,77400.0 / 77200.0,20,83.05,4000.0,Time Stop (Max 3 Days Hit),236.0,5.9
SENSEX,SENSEX SPOT,CE_SPREAD,2026-07-20 11:03:00,2026-07-20 15:27:00,0 days 04:24:00,88,77700.0 / 77900.0,20,89.35,4000.0,Monday Pre-Expiry Auto Square-Off,-328.0,-8.2
SENSEX,SENSEX SPOT,CE_SPREAD,2026-07-20 11:06:00,2026-07-20 15:27:00,0 days 04:21:00,87,77700.0 / 77900.0,20,95.45,4000.0,Monday Pre-Expiry Auto Square-Off,-206.0,-5.15
SENSEX,SENSEX SPOT,CE_SPREAD,2026-07-20 11:09:00,2026-07-20 15:27:00,0 days 04:18:00,86,77700.0 / 77900.0,20,89.7,4000.0,Monday Pre-Expiry Auto Square-Off,-321.0,-8.03
SENSEX,SENSEX SPOT,CE_SPREAD,2026-07-21 10:57:00,2026-07-22 09:21:00,0 days 22:24:00,93,77500.0 / 77700.0,20,90.45,4000.0,Target Hit (50% Premium Decay),918.0,22.95
SENSEX,SENSEX SPOT,CE_SPREAD,2026-07-21 11:00:00,2026-07-22 09:15:00,0 days 22:15:00,90,77500.0 / 77700.0,20,93.6,4000.0,Target Hit (50% Premium Decay),963.0,24.08
SENSEX,SENSEX SPOT,CE_SPREAD,2026-07-21 11:03:00,2026-07-22 09:15:00,0 days 22:12:00,89,77500.0 / 77700.0,20,93.2,4000.0,Target Hit (50% Premium Decay),955.0,23.87
SENSEX,SENSEX SPOT,CE_SPREAD,2026-07-22 10:06:00,2026-07-23 09:15:00,0 days 23:09:00,108,76900.0 / 77100.0,20,96.65,4000.0,Target Hit (50% Premium Decay),1642.0,41.05
SENSEX,SENSEX SPOT,CE_SPREAD,2026-07-22 10:09:00,2026-07-23 09:15:00,0 days 23:06:00,107,77000.0 / 77200.0,20,82.4,4000.0,Target Hit (50% Premium Decay),1439.0,35.98
SENSEX,SENSEX SPOT,CE_SPREAD,2026-07-22 10:12:00,2026-07-23 09:15:00,0 days 23:03:00,106,77000.0 / 77200.0,20,79.65,4000.0,Target Hit (50% Premium Decay),1384.0,34.6
SENSEX,SENSEX SPOT,CE_SPREAD,2026-07-23 12:03:00,2026-07-24 09:48:00,0 days 21:45:00,80,76600.0 / 76800.0,20,93.85,4000.0,Target Hit (50% Premium Decay),950.0,23.75
SENSEX,SENSEX SPOT,CE_SPREAD,2026-07-23 12:06:00,2026-07-24 09:42:00,0 days 21:36:00,77,76600.0 / 76800.0,20,96.75,4000.0,Target Hit (50% Premium Decay),973.0,24.33
SENSEX,SENSEX SPOT,CE_SPREAD,2026-07-23 12:12:00,2026-07-24 09:48:00,0 days 21:36:00,77,76600.0 / 76800.0,20,93.15,4000.0,Target Hit (50% Premium Decay),936.0,23.4
SENSEX,SENSEX SPOT,PE_SPREAD,2026-07-27 09:57:00,2026-07-27 15:27:00,0 days 05:30:00,110,76600.0 / 76400.0,20,80.85,4000.0,Monday Pre-Expiry Auto Square-Off,596.0,14.9
SENSEX,SENSEX SPOT,PE_SPREAD,2026-07-27 10:00:00,2026-07-27 15:27:00,0 days 05:27:00,109,76700.0 / 76500.0,20,88.25,4000.0,Monday Pre-Expiry Auto Square-Off,688.0,17.2
SENSEX,SENSEX SPOT,PE_SPREAD,2026-07-27 10:03:00,2026-07-27 15:27:00,0 days 05:24:00,108,76600.0 / 76400.0,20,82.8,4000.0,Monday Pre-Expiry Auto Square-Off,635.0,15.88
SENSEX,SENSEX SPOT,PE_SPREAD,2026-07-28 09:18:00,2026-07-29 09:15:00,0 days 23:57:00,124,76900.0 / 76700.0,20,74.4,4000.0,Target Hit (50% Premium Decay),1005.0,25.12
SENSEX,SENSEX SPOT,PE_SPREAD,2026-07-28 09:27:00,2026-07-29 09:15:00,0 days 23:48:00,121,76900.0 / 76700.0,20,82.3,4000.0,Target Hit (50% Premium Decay),1163.0,29.08
SENSEX,SENSEX SPOT,PE_SPREAD,2026-07-28 09:30:00,2026-07-29 09:15:00,0 days 23:45:00,120,76900.0 / 76700.0,20,88.4,4000.0,Target Hit (50% Premium Decay),1285.0,32.12
SENSEX,SENSEX SPOT,PE_SPREAD,2026-07-29 10:00:00,2026-07-30 09:30:00,0 days 23:30:00,115,77500.0 / 77300.0,20,83.35,4000.0,Target Hit (50% Premium Decay),897.0,22.42
SENSEX,SENSEX SPOT,PE_SPREAD,2026-07-29 10:03:00,2026-07-30 09:30:00,0 days 23:27:00,114,77500.0 / 77300.0,20,79.05,4000.0,Target Hit (50% Premium Decay),811.0,20.28
SENSEX,SENSEX SPOT,PE_SPREAD,2026-07-29 10:45:00,2026-07-30 11:24:00,1 days 00:39:00,138,77600.0 / 77400.0,20,92.1,4000.0,Target Hit (50% Premium Decay),1019.0,25.48
SENSEX,SENSEX SPOT,PE_SPREAD,2026-07-30 12:18:00,2026-07-31 13:06:00,1 days 00:48:00,141,77700.0 / 77500.0,20,93.6,4000.0,Target Hit (50% Premium Decay),938.0,23.45
SENSEX,SENSEX SPOT,PE_SPREAD,2026-07-30 12:21:00,2026-08-03 09:15:00,3 days 20:54:00,188,77700.0 / 77500.0,20,89.5,4000.0,Time Stop (Max 3 Days Hit),1384.0,34.6
SENSEX,SENSEX SPOT,PE_SPREAD,2026-07-30 12:24:00,2026-08-03 09:15:00,3 days 20:51:00,187,77700.0 / 77500.0,20,89.35,4000.0,Time Stop (Max 3 Days Hit),1381.0,34.53
SENSEX,SENSEX SPOT,PE_SPREAD,2026-08-03 10:24:00,2026-08-03 15:27:00,0 days 05:03:00,101,78700.0 / 78500.0,20,77.7,4000.0,Monday Pre-Expiry Auto Square-Off,-72.0,-1.8
SENSEX,SENSEX SPOT,PE_SPREAD,2026-08-03 10:27:00,2026-08-03 15:27:00,0 days 05:00:00,100,78700.0 / 78500.0,20,77.75,4000.0,Monday Pre-Expiry Auto Square-Off,-71.0,-1.78
SENSEX,SENSEX SPOT,PE_SPREAD,2026-08-03 10:33:00,2026-08-03 15:27:00,0 days 04:54:00,98,78700.0 / 78500.0,20,82.35,4000.0,Monday Pre-Expiry Auto Square-Off,21.0,0.52
SENSEX,SENSEX SPOT,PE_SPREAD,2026-08-04 09:39:00,2026-08-04 11:48:00,0 days 02:09:00,43,78700.0 / 78500.0,20,76.3,4000.0,SL Hit (40% Premium Appreciation),-611.0,-15.27
SENSEX,SENSEX SPOT,PE_SPREAD,2026-08-05 09:54:00,2026-08-05 12:30:00,0 days 02:36:00,52,78700.0 / 78500.0,20,75.1,4000.0,SL Hit (40% Premium Appreciation),-630.0,-15.75
SENSEX,SENSEX SPOT,PE_SPREAD,2026-08-05 09:57:00,2026-08-05 12:30:00,0 days 02:33:00,51,78700.0 / 78500.0,20,72.95,4000.0,SL Hit (40% Premium Appreciation),-673.0,-16.83
SENSEX,SENSEX SPOT,PE_SPREAD,2026-08-05 10:00:00,2026-08-05 11:48:00,0 days 01:48:00,36,78700.0 / 78500.0,20,64.1,4000.0,SL Hit (40% Premium Appreciation),-623.0,-15.58
SENSEX,SENSEX SPOT,PE_SPREAD,2026-08-06 10:00:00,2026-08-10 09:15:00,3 days 23:15:00,235,78800.0 / 78600.0,20,89.85,4000.0,Time Stop (Max 3 Days Hit),-233.0,-5.82
SENSEX,SENSEX SPOT,PE_SPREAD,2026-08-06 10:03:00,2026-08-10 09:15:00,3 days 23:12:00,234,78700.0 / 78500.0,20,83.65,4000.0,Time Stop (Max 3 Days Hit),-109.0,-2.72
SENSEX,SENSEX SPOT,PE_SPREAD,2026-08-06 10:06:00,2026-08-10 09:15:00,3 days 23:09:00,233,78700.0 / 78500.0,20,80.35,4000.0,Time Stop (Max 3 Days Hit),-175.0,-4.38
SENSEX,SENSEX SPOT,CE_SPREAD,2026-08-10 09:51:00,2026-08-10 15:27:00,0 days 05:36:00,112,78400.0 / 78600.0,20,99.45,4000.0,Monday Pre-Expiry Auto Square-Off,-388.0,-9.7
SENSEX,SENSEX SPOT,CE_SPREAD,2026-08-10 09:54:00,2026-08-10 15:27:00,0 days 05:33:00,111,78400.0 / 78600.0,20,99.05,4000.0,Monday Pre-Expiry Auto Square-Off,-396.0,-9.9
SENSEX,SENSEX SPOT,CE_SPREAD,2026-08-10 10:00:00,2026-08-10 15:27:00,0 days 05:27:00,109,78400.0 / 78600.0,20,103.4,4000.0,Monday Pre-Expiry Auto Square-Off,-309.0,-7.73
SENSEX,SENSEX SPOT,CE_SPREAD,2026-08-11 10:00:00,2026-08-12 10:06:00,1 days 00:06:00,127,78200.0 / 78400.0,20,98.8,4000.0,Target Hit (50% Premium Decay),1009.0,25.23
SENSEX,SENSEX SPOT,CE_SPREAD,2026-08-11 10:03:00,2026-08-12 10:06:00,1 days 00:03:00,126,78200.0 / 78400.0,20,98.65,4000.0,Target Hit (50% Premium Decay),1006.0,25.15
SENSEX,SENSEX SPOT,CE_SPREAD,2026-08-11 10:06:00,2026-08-12 10:09:00,1 days 00:03:00,126,78200.0 / 78400.0,20,96.3,4000.0,Target Hit (50% Premium Decay),965.0,24.13
SENSEX,SENSEX SPOT,CE_SPREAD,2026-08-12 10:21:00,2026-08-13 15:24:00,1 days 05:03:00,226,77800.0 / 78000.0,20,100.65,4000.0,SL Hit (40% Premium Appreciation),-1148.0,-28.7
SENSEX,SENSEX SPOT,CE_SPREAD,2026-08-12 10:24:00,2026-08-13 10:27:00,1 days 00:03:00,126,77900.0 / 78100.0,20,88.65,4000.0,Target Hit (50% Premium Decay),998.0,24.95
SENSEX,SENSEX SPOT,CE_SPREAD,2026-08-12 10:27:00,2026-08-13 10:27:00,1 days 00:00:00,125,77900.0 / 78100.0,20,86.1,4000.0,Target Hit (50% Premium Decay),947.0,23.67
SENSEX,SENSEX SPOT,CE_SPREAD,2026-08-13 11:03:00,2026-08-17 09:15:00,3 days 22:12:00,214,77700.0 / 77900.0,20,113.2,4000.0,Time Stop (Max 3 Days Hit),254.0,6.35
SENSEX,SENSEX SPOT,CE_SPREAD,2026-08-13 11:12:00,2026-08-17 09:15:00,3 days 22:03:00,211,77700.0 / 77900.0,20,109.7,4000.0,Time Stop (Max 3 Days Hit),184.0,4.6
SENSEX,SENSEX SPOT,CE_SPREAD,2026-08-17 11:00:00,2026-08-17 14:48:00,0 days 03:48:00,76,77500.0 / 77700.0,20,103.5,4000.0,SL Hit (40% Premium Appreciation),-867.0,-21.67
SENSEX,SENSEX SPOT,CE_SPREAD,2026-08-17 11:06:00,2026-08-17 15:27:00,0 days 04:21:00,87,77500.0 / 77700.0,20,106.15,4000.0,Monday Pre-Expiry Auto Square-Off,-640.0,-16.0
SENSEX,SENSEX SPOT,CE_SPREAD,2026-08-17 11:21:00,2026-08-17 14:48:00,0 days 03:27:00,69,77500.0 / 77700.0,20,102.9,4000.0,SL Hit (40% Premium Appreciation),-879.0,-21.97
SENSEX,SENSEX SPOT,CE_SPREAD,2026-08-18 09:57:00,2026-08-19 09:24:00,0 days 23:27:00,114,77400.0 / 77600.0,20,102.25,4000.0,Target Hit (50% Premium Decay),1039.0,25.98
SENSEX,SENSEX SPOT,CE_SPREAD,2026-08-18 10:27:00,2026-08-19 09:24:00,0 days 22:57:00,104,77400.0 / 77600.0,20,101.8,4000.0,Target Hit (50% Premium Decay),1030.0,25.75
SENSEX,SENSEX SPOT,CE_SPREAD,2026-08-18 10:30:00,2026-08-19 09:27:00,0 days 22:57:00,104,77400.0 / 77600.0,20,100.3,4000.0,Target Hit (50% Premium Decay),1055.0,26.38
SENSEX,SENSEX SPOT,CE_SPREAD,2026-08-19 09:51:00,2026-08-20 09:15:00,0 days 23:24:00,113,77100.0 / 77300.0,20,88.55,4000.0,SL Hit (40% Premium Appreciation),-1422.0,-35.55
SENSEX,SENSEX SPOT,CE_SPREAD,2026-08-19 09:54:00,2026-08-20 09:15:00,0 days 23:21:00,112,77100.0 / 77300.0,20,86.5,4000.0,SL Hit (40% Premium Appreciation),-1463.0,-36.58
SENSEX,SENSEX SPOT,CE_SPREAD,2026-08-19 09:57:00,2026-08-20 09:15:00,0 days 23:18:00,111,77100.0 / 77300.0,20,85.3,4000.0,SL Hit (40% Premium Appreciation),-1487.0,-37.18
SENSEX,SENSEX SPOT,PE_SPREAD,2026-08-20 10:03:00,2026-08-21 15:27:00,1 days 05:24:00,233,77500.0 / 77300.0,20,77.65,4000.0,Data Ended,272.0,6.8
SENSEX,SENSEX SPOT,PE_SPREAD,2026-08-20 10:06:00,2026-08-21 15:27:00,1 days 05:21:00,232,77500.0 / 77300.0,20,74.6,4000.0,Data Ended,211.0,5.28
SENSEX,SENSEX SPOT,PE_SPREAD,2026-08-20 10:09:00,2026-08-21 15:27:00,1 days 05:18:00,231,77400.0 / 77200.0,20,63.65,4000.0,Data Ended,118.0,2.95
