Symbol,Type,Entry Time,Exit Time,Duration,Bars in Trade,Strike Pair,Lot Size,Net Credit (₹),Capital Employed (₹),Exit Reason,PnL (₹),PnL (%)
NIFTY,CE_SPREAD,2026-07-20 11:03:00,2026-07-20 12:45:00,0 days 01:42:00,34,24400.0 / 24500.0,1,10.35,100.0,Target Hit (50% Premium Decay),5.45,5.45
NIFTY,CE_SPREAD,2026-07-20 11:36:00,2026-07-20 13:27:00,0 days 01:51:00,37,24400.0 / 24500.0,1,9.7,100.0,SL Hit (50% Premium Appreciation),-4.85,-4.85
NIFTY,CE_SPREAD,2026-07-20 11:42:00,2026-07-20 13:21:00,0 days 01:39:00,33,24400.0 / 24500.0,1,8.45,100.0,SL Hit (50% Premium Appreciation),-5.35,-5.35
NIFTY,CE_SPREAD,2026-07-20 11:48:00,2026-07-20 13:21:00,0 days 01:33:00,31,24350.0 / 24450.0,1,12.5,100.0,SL Hit (50% Premium Appreciation),-7.55,-7.55
NIFTY,PE_SPREAD,2026-07-20 13:57:00,2026-07-21 10:21:00,0 days 20:24:00,53,24250.0 / 24150.0,1,34.7,100.0,SL Hit (50% Premium Appreciation),-19.0,-19.0
NIFTY,PE_SPREAD,2026-07-20 14:24:00,2026-07-21 10:21:00,0 days 19:57:00,44,24250.0 / 24150.0,1,35.45,100.0,SL Hit (50% Premium Appreciation),-18.25,-18.25
NIFTY,PE_SPREAD,2026-07-20 14:30:00,2026-07-21 10:24:00,0 days 19:54:00,43,24250.0 / 24150.0,1,37.0,100.0,SL Hit (50% Premium Appreciation),-18.75,-18.75
NIFTY,PE_SPREAD,2026-07-20 14:36:00,2026-07-21 10:36:00,0 days 20:00:00,45,24250.0 / 24150.0,1,38.95,100.0,SL Hit (50% Premium Appreciation),-22.15,-22.15
NIFTY,PE_SPREAD,2026-07-20 14:39:00,2026-07-21 10:36:00,0 days 19:57:00,44,24250.0 / 24150.0,1,38.85,100.0,SL Hit (50% Premium Appreciation),-22.25,-22.25
NIFTY,PE_SPREAD,2026-07-20 14:48:00,2026-07-21 10:36:00,0 days 19:48:00,41,24250.0 / 24150.0,1,39.05,100.0,SL Hit (50% Premium Appreciation),-22.05,-22.05
NIFTY,PE_SPREAD,2026-07-20 14:54:00,2026-07-21 10:36:00,0 days 19:42:00,39,24250.0 / 24150.0,1,38.5,100.0,SL Hit (50% Premium Appreciation),-22.6,-22.6
NIFTY,PE_SPREAD,2026-07-20 15:09:00,2026-07-21 10:36:00,0 days 19:27:00,34,24250.0 / 24150.0,1,38.05,100.0,SL Hit (50% Premium Appreciation),-23.05,-23.05
NIFTY,PE_SPREAD,2026-07-20 15:24:00,2026-07-21 10:21:00,0 days 18:57:00,24,24250.0 / 24150.0,1,35.15,100.0,SL Hit (50% Premium Appreciation),-18.55,-18.55
NIFTY,PE_SPREAD,2026-07-20 15:27:00,2026-07-21 10:21:00,0 days 18:54:00,23,24250.0 / 24150.0,1,34.15,100.0,SL Hit (50% Premium Appreciation),-19.55,-19.55
NIFTY,PE_SPREAD,2026-07-21 09:15:00,2026-07-21 10:36:00,0 days 01:21:00,27,24250.0 / 24150.0,1,37.35,100.0,SL Hit (50% Premium Appreciation),-23.75,-23.75
NIFTY,PE_SPREAD,2026-07-21 09:18:00,2026-07-21 10:21:00,0 days 01:03:00,21,24250.0 / 24150.0,1,32.55,100.0,SL Hit (50% Premium Appreciation),-21.15,-21.15
NIFTY,PE_SPREAD,2026-07-21 09:39:00,2026-07-21 10:21:00,0 days 00:42:00,14,24200.0 / 24100.0,1,23.0,100.0,SL Hit (50% Premium Appreciation),-11.7,-11.7
NIFTY,CE_SPREAD,2026-07-21 10:18:00,2026-07-21 11:21:00,0 days 01:03:00,21,24400.0 / 24500.0,1,1.5,100.0,Target Hit (50% Premium Decay),0.85,0.85
NIFTY,CE_SPREAD,2026-07-21 10:24:00,2026-07-21 11:36:00,0 days 01:12:00,24,24400.0 / 24500.0,1,1.2,100.0,Target Hit (50% Premium Decay),0.6,0.6
NIFTY,CE_SPREAD,2026-07-21 11:00:00,2026-07-21 12:39:00,0 days 01:39:00,33,24400.0 / 24500.0,1,0.95,100.0,Target Hit (50% Premium Decay),0.55,0.55
NIFTY,CE_SPREAD,2026-07-21 11:15:00,2026-07-21 12:39:00,0 days 01:24:00,28,24400.0 / 24500.0,1,0.8,100.0,Target Hit (50% Premium Decay),0.4,0.4
NIFTY,CE_SPREAD,2026-07-21 11:18:00,2026-07-21 12:39:00,0 days 01:21:00,27,24350.0 / 24450.0,1,1.45,100.0,Target Hit (50% Premium Decay),0.75,0.75
NIFTY,CE_SPREAD,2026-07-21 11:24:00,2026-07-21 12:42:00,0 days 01:18:00,26,24400.0 / 24500.0,1,0.65,100.0,Target Hit (50% Premium Decay),0.35,0.35
NIFTY,CE_SPREAD,2026-07-21 11:39:00,2026-07-21 12:45:00,0 days 01:06:00,22,24350.0 / 24450.0,1,1.0,100.0,Target Hit (50% Premium Decay),0.5,0.5
NIFTY,CE_SPREAD,2026-07-21 12:15:00,2026-07-21 13:12:00,0 days 00:57:00,19,24350.0 / 24450.0,1,0.9,100.0,Target Hit (50% Premium Decay),0.5,0.5
NIFTY,CE_SPREAD,2026-07-21 12:30:00,2026-07-21 12:57:00,0 days 00:27:00,9,24350.0 / 24450.0,1,0.95,100.0,Target Hit (50% Premium Decay),0.5,0.5
NIFTY,CE_SPREAD,2026-07-21 12:42:00,2026-07-21 13:15:00,0 days 00:33:00,11,24350.0 / 24450.0,1,0.55,100.0,Target Hit (50% Premium Decay),0.3,0.3
NIFTY,CE_SPREAD,2026-07-21 12:54:00,2026-07-21 13:15:00,0 days 00:21:00,7,24350.0 / 24450.0,1,0.55,100.0,Target Hit (50% Premium Decay),0.3,0.3
NIFTY,CE_SPREAD,2026-07-21 13:00:00,2026-07-21 13:15:00,0 days 00:15:00,5,24350.0 / 24450.0,1,0.55,100.0,Target Hit (50% Premium Decay),0.3,0.3
NIFTY,CE_SPREAD,2026-07-21 13:09:00,2026-07-21 13:15:00,0 days 00:06:00,2,24350.0 / 24450.0,1,0.5,100.0,Target Hit (50% Premium Decay),0.25,0.25
NIFTY,CE_SPREAD,2026-07-21 13:15:00,2026-07-21 13:21:00,0 days 00:06:00,2,24350.0 / 24450.0,1,0.25,100.0,SL Hit (50% Premium Appreciation),-0.15,-0.15
NIFTY,CE_SPREAD,2026-07-21 13:42:00,2026-07-21 13:45:00,0 days 00:03:00,1,24400.0 / 24500.0,1,0.2,100.0,Target Hit (50% Premium Decay),0.1,0.1
NIFTY,CE_SPREAD,2026-07-21 13:48:00,2026-07-21 13:51:00,0 days 00:03:00,1,24350.0 / 24450.0,1,0.15,100.0,SL Hit (50% Premium Appreciation),-0.15,-0.15
NIFTY,CE_SPREAD,2026-07-21 13:57:00,2026-07-21 14:27:00,0 days 00:30:00,10,24350.0 / 24450.0,1,0.15,100.0,Target Hit (50% Premium Decay),0.1,0.1
NIFTY,CE_SPREAD,2026-07-21 14:09:00,2026-07-21 14:12:00,0 days 00:03:00,1,24350.0 / 24450.0,1,0.1,100.0,SL Hit (50% Premium Appreciation),-0.05,-0.05
NIFTY,CE_SPREAD,2026-07-21 14:36:00,2026-07-21 14:39:00,0 days 00:03:00,1,24350.0 / 24450.0,1,0.1,100.0,Target Hit (50% Premium Decay),0.15,0.15
NIFTY,CE_SPREAD,2026-07-22 09:18:00,2026-07-23 09:15:00,0 days 23:57:00,124,24250.0 / 24350.0,1,29.65,100.0,Target Hit (50% Premium Decay),17.6,17.6
NIFTY,CE_SPREAD,2026-07-22 10:18:00,2026-07-23 12:30:00,1 days 02:12:00,169,24200.0 / 24300.0,1,27.15,100.0,Target Hit (50% Premium Decay),14.85,14.85
NIFTY,CE_SPREAD,2026-07-22 10:39:00,2026-07-23 12:30:00,1 days 01:51:00,162,24200.0 / 24300.0,1,25.3,100.0,Target Hit (50% Premium Decay),13.0,13.0
NIFTY,CE_SPREAD,2026-07-22 11:03:00,2026-07-23 12:30:00,1 days 01:27:00,154,24200.0 / 24300.0,1,26.3,100.0,Target Hit (50% Premium Decay),14.0,14.0
NIFTY,CE_SPREAD,2026-07-22 11:36:00,2026-07-23 12:21:00,1 days 00:45:00,140,24250.0 / 24350.0,1,23.25,100.0,Target Hit (50% Premium Decay),11.95,11.95
NIFTY,CE_SPREAD,2026-07-22 11:51:00,2026-07-23 12:30:00,1 days 00:39:00,138,24200.0 / 24300.0,1,27.3,100.0,Target Hit (50% Premium Decay),15.0,15.0
NIFTY,CE_SPREAD,2026-07-22 12:39:00,2026-07-23 12:42:00,1 days 00:03:00,126,24150.0 / 24250.0,1,26.7,100.0,Target Hit (50% Premium Decay),13.7,13.7
NIFTY,CE_SPREAD,2026-07-22 12:54:00,2026-07-23 12:30:00,0 days 23:36:00,117,24200.0 / 24300.0,1,25.6,100.0,Target Hit (50% Premium Decay),13.3,13.3
NIFTY,CE_SPREAD,2026-07-22 13:00:00,2026-07-23 12:39:00,0 days 23:39:00,118,24200.0 / 24300.0,1,23.55,100.0,Target Hit (50% Premium Decay),11.95,11.95
NIFTY,CE_SPREAD,2026-07-22 13:03:00,2026-07-23 12:42:00,0 days 23:39:00,118,24150.0 / 24250.0,1,27.4,100.0,Target Hit (50% Premium Decay),14.4,14.4
NIFTY,CE_SPREAD,2026-07-22 13:12:00,2026-07-23 12:42:00,0 days 23:30:00,115,24150.0 / 24250.0,1,27.35,100.0,Target Hit (50% Premium Decay),14.35,14.35
NIFTY,CE_SPREAD,2026-07-22 13:48:00,2026-07-23 12:39:00,0 days 22:51:00,102,24150.0 / 24250.0,1,27.95,100.0,Target Hit (50% Premium Decay),14.0,14.0
NIFTY,CE_SPREAD,2026-07-22 13:51:00,2026-07-23 12:42:00,0 days 22:51:00,102,24150.0 / 24250.0,1,27.85,100.0,Target Hit (50% Premium Decay),14.85,14.85
NIFTY,CE_SPREAD,2026-07-22 14:12:00,2026-07-23 12:42:00,0 days 22:30:00,95,24150.0 / 24250.0,1,26.6,100.0,Target Hit (50% Premium Decay),13.6,13.6
NIFTY,CE_SPREAD,2026-07-22 14:30:00,2026-07-23 13:03:00,0 days 22:33:00,96,24150.0 / 24250.0,1,25.8,100.0,Target Hit (50% Premium Decay),13.2,13.2
NIFTY,CE_SPREAD,2026-07-22 14:57:00,2026-07-23 12:42:00,0 days 21:45:00,80,24150.0 / 24250.0,1,26.7,100.0,Target Hit (50% Premium Decay),13.7,13.7
NIFTY,CE_SPREAD,2026-07-22 15:00:00,2026-07-23 12:42:00,0 days 21:42:00,79,24150.0 / 24250.0,1,27.0,100.0,Target Hit (50% Premium Decay),14.0,14.0
NIFTY,CE_SPREAD,2026-07-22 15:24:00,2026-07-23 12:39:00,0 days 21:15:00,70,24200.0 / 24300.0,1,23.9,100.0,Target Hit (50% Premium Decay),12.3,12.3
NIFTY,CE_SPREAD,2026-07-22 15:27:00,2026-07-23 12:39:00,0 days 21:12:00,69,24200.0 / 24300.0,1,23.2,100.0,Target Hit (50% Premium Decay),11.6,11.6
NIFTY,CE_SPREAD,2026-07-23 09:15:00,2026-07-24 09:15:00,1 days 00:00:00,125,24100.0 / 24200.0,1,22.45,100.0,Target Hit (50% Premium Decay),13.15,13.15
NIFTY,CE_SPREAD,2026-07-23 09:48:00,2026-07-24 09:15:00,0 days 23:27:00,114,24100.0 / 24200.0,1,24.1,100.0,Target Hit (50% Premium Decay),14.8,14.8
NIFTY,CE_SPREAD,2026-07-23 10:12:00,2026-07-23 14:42:00,0 days 04:30:00,90,24150.0 / 24250.0,1,23.45,100.0,Target Hit (50% Premium Decay),11.8,11.8
NIFTY,CE_SPREAD,2026-07-23 10:21:00,2026-07-23 14:48:00,0 days 04:27:00,89,24150.0 / 24250.0,1,22.55,100.0,Target Hit (50% Premium Decay),11.4,11.4
NIFTY,CE_SPREAD,2026-07-23 10:33:00,2026-07-23 13:15:00,0 days 02:42:00,54,24150.0 / 24250.0,1,23.8,100.0,Target Hit (50% Premium Decay),12.0,12.0
NIFTY,CE_SPREAD,2026-07-23 11:09:00,2026-07-23 13:12:00,0 days 02:03:00,41,24150.0 / 24250.0,1,24.3,100.0,Target Hit (50% Premium Decay),12.2,12.2
NIFTY,CE_SPREAD,2026-07-23 11:15:00,2026-07-23 14:48:00,0 days 03:33:00,71,24150.0 / 24250.0,1,22.45,100.0,Target Hit (50% Premium Decay),11.3,11.3
NIFTY,CE_SPREAD,2026-07-23 11:42:00,2026-07-24 09:15:00,0 days 21:33:00,76,24100.0 / 24200.0,1,25.7,100.0,Target Hit (50% Premium Decay),16.4,16.4
NIFTY,CE_SPREAD,2026-07-23 11:54:00,2026-07-24 09:15:00,0 days 21:21:00,72,24100.0 / 24200.0,1,24.1,100.0,Target Hit (50% Premium Decay),14.8,14.8
NIFTY,CE_SPREAD,2026-07-23 12:12:00,2026-07-24 09:15:00,0 days 21:03:00,66,24100.0 / 24200.0,1,23.5,100.0,Target Hit (50% Premium Decay),14.2,14.2
NIFTY,CE_SPREAD,2026-07-23 12:15:00,2026-07-24 09:15:00,0 days 21:00:00,65,24100.0 / 24200.0,1,23.35,100.0,Target Hit (50% Premium Decay),14.05,14.05
NIFTY,CE_SPREAD,2026-07-23 13:30:00,2026-07-24 09:42:00,0 days 20:12:00,49,24000.0 / 24100.0,1,23.35,100.0,Target Hit (50% Premium Decay),12.1,12.1
NIFTY,CE_SPREAD,2026-07-24 10:27:00,2026-07-24 12:24:00,0 days 01:57:00,39,23800.0 / 23900.0,1,27.25,100.0,SL Hit (50% Premium Appreciation),-14.5,-14.5
NIFTY,CE_SPREAD,2026-07-24 10:33:00,2026-07-24 12:24:00,0 days 01:51:00,37,23800.0 / 23900.0,1,26.6,100.0,SL Hit (50% Premium Appreciation),-15.15,-15.15
NIFTY,CE_SPREAD,2026-07-24 10:54:00,2026-07-24 12:24:00,0 days 01:30:00,30,23850.0 / 23950.0,1,21.65,100.0,SL Hit (50% Premium Appreciation),-13.3,-13.3
NIFTY,CE_SPREAD,2026-07-24 11:06:00,2026-07-24 12:24:00,0 days 01:18:00,26,23800.0 / 23900.0,1,26.6,100.0,SL Hit (50% Premium Appreciation),-15.15,-15.15
NIFTY,CE_SPREAD,2026-07-24 11:12:00,2026-07-24 12:24:00,0 days 01:12:00,24,23800.0 / 23900.0,1,26.05,100.0,SL Hit (50% Premium Appreciation),-15.7,-15.7
NIFTY,CE_SPREAD,2026-07-24 12:00:00,2026-07-24 12:30:00,0 days 00:30:00,10,23850.0 / 23950.0,1,26.4,100.0,SL Hit (50% Premium Appreciation),-13.6,-13.6
NIFTY,PE_SPREAD,2026-07-27 09:39:00,2026-07-27 14:27:00,0 days 04:48:00,96,23900.0 / 23800.0,1,25.75,100.0,Target Hit (50% Premium Decay),13.0,13.0
NIFTY,PE_SPREAD,2026-07-27 10:15:00,2026-07-27 14:24:00,0 days 04:09:00,83,23900.0 / 23800.0,1,29.15,100.0,Target Hit (50% Premium Decay),16.0,16.0
NIFTY,PE_SPREAD,2026-07-27 11:03:00,2026-07-27 14:24:00,0 days 03:21:00,67,23900.0 / 23800.0,1,26.75,100.0,Target Hit (50% Premium Decay),13.6,13.6
NIFTY,PE_SPREAD,2026-07-27 11:15:00,2026-07-27 14:24:00,0 days 03:09:00,63,23900.0 / 23800.0,1,26.9,100.0,Target Hit (50% Premium Decay),13.75,13.75
NIFTY,PE_SPREAD,2026-07-27 11:21:00,2026-07-27 15:00:00,0 days 03:39:00,73,23900.0 / 23800.0,1,23.75,100.0,Target Hit (50% Premium Decay),12.0,12.0
NIFTY,PE_SPREAD,2026-07-27 11:27:00,2026-07-27 15:27:00,0 days 04:00:00,80,23950.0 / 23850.0,1,30.65,100.0,Target Hit (50% Premium Decay),15.5,15.5
NIFTY,PE_SPREAD,2026-07-27 11:33:00,2026-07-27 15:27:00,0 days 03:54:00,78,23950.0 / 23850.0,1,31.55,100.0,Target Hit (50% Premium Decay),16.4,16.4
NIFTY,PE_SPREAD,2026-07-27 11:45:00,2026-07-28 09:15:00,0 days 21:30:00,75,23950.0 / 23850.0,1,29.7,100.0,Target Hit (50% Premium Decay),16.8,16.8
NIFTY,PE_SPREAD,2026-07-27 12:18:00,2026-07-27 15:27:00,0 days 03:09:00,63,23950.0 / 23850.0,1,32.1,100.0,Target Hit (50% Premium Decay),16.95,16.95
NIFTY,PE_SPREAD,2026-07-27 12:48:00,2026-07-27 15:27:00,0 days 02:39:00,53,23950.0 / 23850.0,1,32.25,100.0,Target Hit (50% Premium Decay),17.1,17.1
NIFTY,PE_SPREAD,2026-07-27 12:57:00,2026-07-27 15:27:00,0 days 02:30:00,50,23950.0 / 23850.0,1,32.25,100.0,Target Hit (50% Premium Decay),17.1,17.1
NIFTY,PE_SPREAD,2026-07-27 13:06:00,2026-07-27 15:27:00,0 days 02:21:00,47,23950.0 / 23850.0,1,30.3,100.0,Target Hit (50% Premium Decay),15.15,15.15
NIFTY,PE_SPREAD,2026-07-27 13:18:00,2026-07-28 09:15:00,0 days 19:57:00,44,23950.0 / 23850.0,1,28.0,100.0,Target Hit (50% Premium Decay),15.1,15.1
NIFTY,PE_SPREAD,2026-07-27 13:27:00,2026-07-27 15:21:00,0 days 01:54:00,38,23950.0 / 23850.0,1,32.8,100.0,Target Hit (50% Premium Decay),16.6,16.6
NIFTY,PE_SPREAD,2026-07-27 13:54:00,2026-07-28 09:15:00,0 days 19:21:00,32,23950.0 / 23850.0,1,30.05,100.0,Target Hit (50% Premium Decay),17.15,17.15
NIFTY,PE_SPREAD,2026-07-27 14:00:00,2026-07-28 09:15:00,0 days 19:15:00,30,23950.0 / 23850.0,1,26.5,100.0,Target Hit (50% Premium Decay),13.6,13.6
NIFTY,PE_SPREAD,2026-07-27 14:03:00,2026-07-28 09:18:00,0 days 19:15:00,30,23950.0 / 23850.0,1,25.25,100.0,Target Hit (50% Premium Decay),14.8,14.8
NIFTY,PE_SPREAD,2026-07-27 14:06:00,2026-07-28 09:18:00,0 days 19:12:00,29,23950.0 / 23850.0,1,24.35,100.0,Target Hit (50% Premium Decay),13.9,13.9
NIFTY,PE_SPREAD,2026-07-27 14:12:00,2026-07-28 09:18:00,0 days 19:06:00,27,23950.0 / 23850.0,1,23.1,100.0,Target Hit (50% Premium Decay),12.65,12.65
NIFTY,PE_SPREAD,2026-07-27 14:24:00,2026-07-28 09:18:00,0 days 18:54:00,23,23950.0 / 23850.0,1,20.9,100.0,Target Hit (50% Premium Decay),10.45,10.45
NIFTY,PE_SPREAD,2026-07-27 14:27:00,2026-07-28 11:15:00,0 days 20:48:00,61,24000.0 / 23900.0,1,30.4,100.0,Target Hit (50% Premium Decay),15.85,15.85
NIFTY,PE_SPREAD,2026-07-27 14:54:00,2026-07-28 11:15:00,0 days 20:21:00,52,24000.0 / 23900.0,1,32.15,100.0,Target Hit (50% Premium Decay),17.6,17.6
NIFTY,PE_SPREAD,2026-07-27 14:57:00,2026-07-28 10:51:00,0 days 19:54:00,43,24000.0 / 23900.0,1,33.1,100.0,Target Hit (50% Premium Decay),16.65,16.65
NIFTY,PE_SPREAD,2026-07-27 15:03:00,2026-07-28 11:15:00,0 days 20:12:00,49,24000.0 / 23900.0,1,31.95,100.0,Target Hit (50% Premium Decay),17.4,17.4
NIFTY,PE_SPREAD,2026-07-27 15:12:00,2026-07-28 11:15:00,0 days 20:03:00,46,24000.0 / 23900.0,1,30.3,100.0,Target Hit (50% Premium Decay),15.75,15.75
NIFTY,PE_SPREAD,2026-07-28 09:15:00,2026-07-28 10:03:00,0 days 00:48:00,16,24000.0 / 23900.0,1,23.6,100.0,SL Hit (50% Premium Appreciation),-17.35,-17.35
NIFTY,PE_SPREAD,2026-07-28 09:18:00,2026-07-28 09:30:00,0 days 00:12:00,4,24000.0 / 23900.0,1,20.5,100.0,SL Hit (50% Premium Appreciation),-12.75,-12.75
NIFTY,PE_SPREAD,2026-07-28 10:18:00,2026-07-28 11:15:00,0 days 00:57:00,19,24000.0 / 23900.0,1,30.95,100.0,Target Hit (50% Premium Decay),16.4,16.4
NIFTY,PE_SPREAD,2026-07-28 10:27:00,2026-07-28 10:51:00,0 days 00:24:00,8,24000.0 / 23900.0,1,33.7,100.0,Target Hit (50% Premium Decay),17.25,17.25
NIFTY,PE_SPREAD,2026-07-28 10:33:00,2026-07-28 11:15:00,0 days 00:42:00,14,24000.0 / 23900.0,1,29.35,100.0,Target Hit (50% Premium Decay),14.8,14.8
NIFTY,PE_SPREAD,2026-07-28 11:15:00,2026-07-28 11:30:00,0 days 00:15:00,5,24000.0 / 23900.0,1,14.55,100.0,SL Hit (50% Premium Appreciation),-7.45,-7.45
NIFTY,PE_SPREAD,2026-07-28 11:18:00,2026-07-28 13:12:00,0 days 01:54:00,38,24050.0 / 23950.0,1,40.6,100.0,SL Hit (50% Premium Appreciation),-20.45,-20.45
NIFTY,PE_SPREAD,2026-07-28 11:39:00,2026-07-28 13:12:00,0 days 01:33:00,31,24000.0 / 23900.0,1,18.8,100.0,SL Hit (50% Premium Appreciation),-12.4,-12.4
NIFTY,PE_SPREAD,2026-07-28 11:45:00,2026-07-28 13:09:00,0 days 01:24:00,28,24050.0 / 23950.0,1,34.8,100.0,SL Hit (50% Premium Appreciation),-22.2,-22.2
NIFTY,PE_SPREAD,2026-07-28 12:06:00,2026-07-28 13:09:00,0 days 01:03:00,21,24050.0 / 23950.0,1,36.95,100.0,SL Hit (50% Premium Appreciation),-20.05,-20.05
NIFTY,PE_SPREAD,2026-07-28 12:24:00,2026-07-28 13:12:00,0 days 00:48:00,16,24050.0 / 23950.0,1,38.95,100.0,SL Hit (50% Premium Appreciation),-22.1,-22.1
NIFTY,PE_SPREAD,2026-07-28 12:30:00,2026-07-28 13:09:00,0 days 00:39:00,13,24050.0 / 23950.0,1,35.6,100.0,SL Hit (50% Premium Appreciation),-21.4,-21.4
NIFTY,PE_SPREAD,2026-07-28 12:39:00,2026-07-28 13:09:00,0 days 00:30:00,10,24050.0 / 23950.0,1,36.9,100.0,SL Hit (50% Premium Appreciation),-20.1,-20.1
NIFTY,PE_SPREAD,2026-07-29 10:36:00,2026-07-31 09:15:00,1 days 22:39:00,223,24200.0 / 24100.0,1,38.05,100.0,Target Hit (50% Premium Decay),20.05,20.05
NIFTY,PE_SPREAD,2026-07-29 10:57:00,2026-07-31 09:15:00,1 days 22:18:00,216,24200.0 / 24100.0,1,38.95,100.0,Target Hit (50% Premium Decay),20.95,20.95
NIFTY,PE_SPREAD,2026-07-29 11:03:00,2026-07-31 09:15:00,1 days 22:12:00,214,24200.0 / 24100.0,1,38.0,100.0,Target Hit (50% Premium Decay),20.0,20.0
NIFTY,PE_SPREAD,2026-07-29 11:06:00,2026-07-31 09:15:00,1 days 22:09:00,213,24200.0 / 24100.0,1,36.25,100.0,Target Hit (50% Premium Decay),18.25,18.25
NIFTY,PE_SPREAD,2026-07-29 11:24:00,2026-07-31 09:15:00,1 days 21:51:00,207,24200.0 / 24100.0,1,37.7,100.0,Target Hit (50% Premium Decay),19.7,19.7
NIFTY,PE_SPREAD,2026-07-29 11:48:00,2026-07-31 09:15:00,1 days 21:27:00,199,24200.0 / 24100.0,1,37.95,100.0,Target Hit (50% Premium Decay),19.95,19.95
NIFTY,PE_SPREAD,2026-07-29 11:51:00,2026-07-31 09:15:00,1 days 21:24:00,198,24200.0 / 24100.0,1,38.65,100.0,Target Hit (50% Premium Decay),20.65,20.65
NIFTY,PE_SPREAD,2026-07-29 11:57:00,2026-07-31 09:15:00,1 days 21:18:00,196,24200.0 / 24100.0,1,38.4,100.0,Target Hit (50% Premium Decay),20.4,20.4
NIFTY,PE_SPREAD,2026-07-29 12:03:00,2026-07-31 09:15:00,1 days 21:12:00,194,24200.0 / 24100.0,1,37.4,100.0,Target Hit (50% Premium Decay),19.4,19.4
NIFTY,PE_SPREAD,2026-07-29 12:09:00,2026-07-31 09:15:00,1 days 21:06:00,192,24200.0 / 24100.0,1,36.6,100.0,Target Hit (50% Premium Decay),18.6,18.6
NIFTY,PE_SPREAD,2026-07-29 12:33:00,2026-07-31 09:15:00,1 days 20:42:00,184,24200.0 / 24100.0,1,38.1,100.0,Target Hit (50% Premium Decay),20.1,20.1
NIFTY,PE_SPREAD,2026-07-29 12:54:00,2026-07-31 09:15:00,1 days 20:21:00,177,24200.0 / 24100.0,1,38.45,100.0,Target Hit (50% Premium Decay),20.45,20.45
NIFTY,PE_SPREAD,2026-07-29 13:33:00,2026-07-31 09:15:00,1 days 19:42:00,164,24200.0 / 24100.0,1,36.25,100.0,Target Hit (50% Premium Decay),18.25,18.25
NIFTY,PE_SPREAD,2026-07-29 13:51:00,2026-07-31 09:21:00,1 days 19:30:00,160,24200.0 / 24100.0,1,35.3,100.0,Target Hit (50% Premium Decay),17.9,17.9
NIFTY,PE_SPREAD,2026-07-29 13:54:00,2026-07-31 09:15:00,1 days 19:21:00,157,24200.0 / 24100.0,1,36.25,100.0,Target Hit (50% Premium Decay),18.25,18.25
NIFTY,PE_SPREAD,2026-07-29 14:03:00,2026-07-31 12:12:00,1 days 22:09:00,213,24250.0 / 24150.0,1,40.3,100.0,Target Hit (50% Premium Decay),21.5,21.5
NIFTY,PE_SPREAD,2026-07-29 14:30:00,2026-07-31 12:12:00,1 days 21:42:00,204,24250.0 / 24150.0,1,39.6,100.0,Target Hit (50% Premium Decay),20.8,20.8
NIFTY,PE_SPREAD,2026-07-29 14:48:00,2026-07-31 12:06:00,1 days 21:18:00,196,24250.0 / 24150.0,1,40.5,100.0,Target Hit (50% Premium Decay),20.3,20.3
NIFTY,PE_SPREAD,2026-07-29 14:54:00,2026-07-31 12:12:00,1 days 21:18:00,196,24250.0 / 24150.0,1,39.7,100.0,Target Hit (50% Premium Decay),20.9,20.9
NIFTY,PE_SPREAD,2026-07-29 14:57:00,2026-07-31 12:06:00,1 days 21:09:00,193,24250.0 / 24150.0,1,40.4,100.0,Target Hit (50% Premium Decay),20.2,20.2
NIFTY,PE_SPREAD,2026-07-30 09:18:00,2026-07-31 11:12:00,1 days 01:54:00,163,24200.0 / 24100.0,1,34.45,100.0,Target Hit (50% Premium Decay),17.6,17.6
NIFTY,PE_SPREAD,2026-07-30 09:33:00,2026-07-31 12:06:00,1 days 02:33:00,176,24250.0 / 24150.0,1,40.5,100.0,Target Hit (50% Premium Decay),20.3,20.3
NIFTY,PE_SPREAD,2026-07-30 09:48:00,2026-07-31 11:18:00,1 days 01:30:00,155,24200.0 / 24100.0,1,32.9,100.0,Target Hit (50% Premium Decay),16.95,16.95
NIFTY,PE_SPREAD,2026-07-30 10:24:00,2026-07-31 09:15:00,0 days 22:51:00,102,24200.0 / 24100.0,1,38.4,100.0,Target Hit (50% Premium Decay),20.4,20.4
NIFTY,PE_SPREAD,2026-07-30 10:45:00,2026-07-31 09:21:00,0 days 22:36:00,97,24200.0 / 24100.0,1,35.75,100.0,Target Hit (50% Premium Decay),18.35,18.35
NIFTY,PE_SPREAD,2026-07-30 11:06:00,2026-07-31 09:15:00,0 days 22:09:00,88,24200.0 / 24100.0,1,36.85,100.0,Target Hit (50% Premium Decay),18.85,18.85
NIFTY,PE_SPREAD,2026-07-30 11:12:00,2026-07-31 09:21:00,0 days 22:09:00,88,24200.0 / 24100.0,1,35.05,100.0,Target Hit (50% Premium Decay),17.65,17.65
NIFTY,PE_SPREAD,2026-07-30 11:27:00,2026-07-31 12:12:00,1 days 00:45:00,140,24250.0 / 24150.0,1,39.25,100.0,Target Hit (50% Premium Decay),20.45,20.45
NIFTY,PE_SPREAD,2026-07-30 12:33:00,2026-08-03 09:15:00,3 days 20:42:00,184,24250.0 / 24150.0,1,30.05,100.0,Target Hit (50% Premium Decay),27.15,27.15
NIFTY,PE_SPREAD,2026-07-30 13:09:00,2026-07-31 12:27:00,0 days 23:18:00,111,24250.0 / 24150.0,1,37.4,100.0,Target Hit (50% Premium Decay),18.85,18.85
NIFTY,PE_SPREAD,2026-07-30 13:21:00,2026-07-31 12:33:00,0 days 23:12:00,109,24250.0 / 24150.0,1,35.85,100.0,Target Hit (50% Premium Decay),17.95,17.95
NIFTY,PE_SPREAD,2026-07-30 13:24:00,2026-07-31 12:33:00,0 days 23:09:00,108,24250.0 / 24150.0,1,36.9,100.0,Target Hit (50% Premium Decay),19.0,19.0
NIFTY,PE_SPREAD,2026-07-30 13:33:00,2026-07-31 12:33:00,0 days 23:00:00,105,24250.0 / 24150.0,1,36.9,100.0,Target Hit (50% Premium Decay),19.0,19.0
NIFTY,PE_SPREAD,2026-07-30 13:39:00,2026-07-31 12:42:00,0 days 23:03:00,106,24250.0 / 24150.0,1,34.1,100.0,Target Hit (50% Premium Decay),17.3,17.3
NIFTY,PE_SPREAD,2026-07-30 14:48:00,2026-07-31 12:36:00,0 days 21:48:00,81,24250.0 / 24150.0,1,35.5,100.0,Target Hit (50% Premium Decay),17.95,17.95
NIFTY,PE_SPREAD,2026-07-30 15:18:00,2026-07-31 12:39:00,0 days 21:21:00,72,24250.0 / 24150.0,1,34.85,100.0,Target Hit (50% Premium Decay),17.45,17.45
NIFTY,PE_SPREAD,2026-07-31 09:45:00,2026-08-03 09:15:00,2 days 23:30:00,115,24300.0 / 24200.0,1,29.75,100.0,Target Hit (50% Premium Decay),25.45,25.45
NIFTY,PE_SPREAD,2026-07-31 10:12:00,2026-08-03 09:15:00,2 days 23:03:00,106,24300.0 / 24200.0,1,31.8,100.0,Target Hit (50% Premium Decay),27.5,27.5
NIFTY,PE_SPREAD,2026-07-31 10:15:00,2026-08-03 09:15:00,2 days 23:00:00,105,24300.0 / 24200.0,1,32.25,100.0,Target Hit (50% Premium Decay),27.95,27.95
NIFTY,PE_SPREAD,2026-07-31 10:39:00,2026-08-03 09:15:00,2 days 22:36:00,97,24300.0 / 24200.0,1,29.8,100.0,Target Hit (50% Premium Decay),25.5,25.5
NIFTY,PE_SPREAD,2026-07-31 11:00:00,2026-08-03 09:15:00,2 days 22:15:00,90,24300.0 / 24200.0,1,29.65,100.0,Target Hit (50% Premium Decay),25.35,25.35
NIFTY,PE_SPREAD,2026-07-31 11:15:00,2026-08-03 09:15:00,2 days 22:00:00,85,24300.0 / 24200.0,1,28.85,100.0,Target Hit (50% Premium Decay),24.55,24.55
NIFTY,PE_SPREAD,2026-07-31 11:45:00,2026-08-03 09:15:00,2 days 21:30:00,75,24350.0 / 24250.0,1,36.1,100.0,Target Hit (50% Premium Decay),29.5,29.5
NIFTY,PE_SPREAD,2026-07-31 11:51:00,2026-08-03 09:15:00,2 days 21:24:00,73,24350.0 / 24250.0,1,35.85,100.0,Target Hit (50% Premium Decay),29.25,29.25
NIFTY,PE_SPREAD,2026-07-31 11:57:00,2026-08-03 09:15:00,2 days 21:18:00,71,24350.0 / 24250.0,1,35.15,100.0,Target Hit (50% Premium Decay),28.55,28.55
NIFTY,PE_SPREAD,2026-07-31 12:09:00,2026-08-03 09:15:00,2 days 21:06:00,67,24350.0 / 24250.0,1,35.2,100.0,Target Hit (50% Premium Decay),28.6,28.6
NIFTY,PE_SPREAD,2026-07-31 12:24:00,2026-08-03 09:15:00,2 days 20:51:00,62,24350.0 / 24250.0,1,33.15,100.0,Target Hit (50% Premium Decay),26.55,26.55
NIFTY,PE_SPREAD,2026-07-31 12:36:00,2026-08-03 09:15:00,2 days 20:39:00,58,24350.0 / 24250.0,1,31.4,100.0,Target Hit (50% Premium Decay),24.8,24.8
NIFTY,PE_SPREAD,2026-07-31 13:06:00,2026-08-03 09:15:00,2 days 20:09:00,48,24400.0 / 24300.0,1,36.0,100.0,Target Hit (50% Premium Decay),25.7,25.7
NIFTY,PE_SPREAD,2026-07-31 13:24:00,2026-08-03 09:15:00,2 days 19:51:00,42,24400.0 / 24300.0,1,35.75,100.0,Target Hit (50% Premium Decay),25.45,25.45
NIFTY,PE_SPREAD,2026-07-31 13:57:00,2026-08-03 09:15:00,2 days 19:18:00,31,24400.0 / 24300.0,1,36.6,100.0,Target Hit (50% Premium Decay),26.3,26.3
NIFTY,PE_SPREAD,2026-07-31 14:15:00,2026-08-03 09:15:00,2 days 19:00:00,25,24400.0 / 24300.0,1,37.95,100.0,Target Hit (50% Premium Decay),27.65,27.65
NIFTY,PE_SPREAD,2026-07-31 14:27:00,2026-08-03 09:15:00,2 days 18:48:00,21,24400.0 / 24300.0,1,38.6,100.0,Target Hit (50% Premium Decay),28.3,28.3
NIFTY,PE_SPREAD,2026-07-31 14:51:00,2026-08-03 09:15:00,2 days 18:24:00,13,24350.0 / 24250.0,1,32.8,100.0,Target Hit (50% Premium Decay),26.2,26.2
NIFTY,PE_SPREAD,2026-07-31 15:03:00,2026-08-03 09:15:00,2 days 18:12:00,9,24350.0 / 24250.0,1,31.95,100.0,Target Hit (50% Premium Decay),25.35,25.35
NIFTY,PE_SPREAD,2026-07-31 15:09:00,2026-08-03 09:15:00,2 days 18:06:00,7,24350.0 / 24250.0,1,31.1,100.0,Target Hit (50% Premium Decay),24.5,24.5
NIFTY,PE_SPREAD,2026-08-03 10:30:00,2026-08-04 09:42:00,0 days 23:12:00,113,24550.0 / 24450.0,1,28.8,100.0,Target Hit (50% Premium Decay),15.65,15.65
NIFTY,PE_SPREAD,2026-08-03 11:42:00,2026-08-04 09:45:00,0 days 22:03:00,90,24550.0 / 24450.0,1,25.6,100.0,Target Hit (50% Premium Decay),14.35,14.35
NIFTY,PE_SPREAD,2026-08-03 11:51:00,2026-08-04 09:45:00,0 days 21:54:00,87,24550.0 / 24450.0,1,24.9,100.0,Target Hit (50% Premium Decay),13.65,13.65
NIFTY,PE_SPREAD,2026-08-03 12:12:00,2026-08-04 11:48:00,0 days 23:36:00,121,24600.0 / 24500.0,1,35.2,100.0,SL Hit (50% Premium Appreciation),-21.5,-21.5
NIFTY,PE_SPREAD,2026-08-03 12:27:00,2026-08-04 11:48:00,0 days 23:21:00,116,24600.0 / 24500.0,1,34.7,100.0,SL Hit (50% Premium Appreciation),-22.0,-22.0
NIFTY,PE_SPREAD,2026-08-03 12:42:00,2026-08-04 09:45:00,0 days 21:03:00,70,24550.0 / 24450.0,1,25.7,100.0,Target Hit (50% Premium Decay),14.45,14.45
NIFTY,PE_SPREAD,2026-08-03 12:51:00,2026-08-04 09:42:00,0 days 20:51:00,66,24550.0 / 24450.0,1,27.45,100.0,Target Hit (50% Premium Decay),14.3,14.3
NIFTY,PE_SPREAD,2026-08-03 13:12:00,2026-08-04 09:21:00,0 days 20:09:00,52,24550.0 / 24450.0,1,30.1,100.0,Target Hit (50% Premium Decay),15.66,15.66
NIFTY,PE_SPREAD,2026-08-03 13:18:00,2026-08-04 09:42:00,0 days 20:24:00,57,24550.0 / 24450.0,1,28.35,100.0,Target Hit (50% Premium Decay),15.2,15.2
NIFTY,PE_SPREAD,2026-08-03 13:21:00,2026-08-04 09:42:00,0 days 20:21:00,56,24550.0 / 24450.0,1,27.3,100.0,Target Hit (50% Premium Decay),14.15,14.15
NIFTY,PE_SPREAD,2026-08-03 13:27:00,2026-08-04 09:45:00,0 days 20:18:00,55,24550.0 / 24450.0,1,25.26,100.0,Target Hit (50% Premium Decay),14.01,14.01
NIFTY,PE_SPREAD,2026-08-03 13:57:00,2026-08-04 09:45:00,0 days 19:48:00,45,24550.0 / 24450.0,1,25.8,100.0,Target Hit (50% Premium Decay),14.55,14.55
NIFTY,PE_SPREAD,2026-08-03 14:06:00,2026-08-04 09:45:00,0 days 19:39:00,42,24550.0 / 24450.0,1,25.7,100.0,Target Hit (50% Premium Decay),14.45,14.45
NIFTY,PE_SPREAD,2026-08-03 14:15:00,2026-08-04 09:42:00,0 days 19:27:00,38,24550.0 / 24450.0,1,26.65,100.0,Target Hit (50% Premium Decay),13.5,13.5
NIFTY,PE_SPREAD,2026-08-04 09:39:00,2026-08-04 10:54:00,0 days 01:15:00,25,24550.0 / 24450.0,1,15.85,100.0,SL Hit (50% Premium Appreciation),-9.1,-9.1
NIFTY,PE_SPREAD,2026-08-04 09:42:00,2026-08-04 10:42:00,0 days 01:00:00,20,24550.0 / 24450.0,1,13.15,100.0,SL Hit (50% Premium Appreciation),-6.65,-6.65
NIFTY,CE_SPREAD,2026-08-04 12:03:00,2026-08-04 13:03:00,0 days 01:00:00,20,24700.0 / 24800.0,1,2.05,100.0,Target Hit (50% Premium Decay),1.1,1.1
NIFTY,CE_SPREAD,2026-08-04 12:12:00,2026-08-04 12:54:00,0 days 00:42:00,14,24650.0 / 24750.0,1,5.05,100.0,Target Hit (50% Premium Decay),2.56,2.56
NIFTY,CE_SPREAD,2026-08-04 12:33:00,2026-08-04 13:30:00,0 days 00:57:00,19,24650.0 / 24750.0,1,3.4,100.0,Target Hit (50% Premium Decay),2.05,2.05
NIFTY,CE_SPREAD,2026-08-04 12:36:00,2026-08-04 13:30:00,0 days 00:54:00,18,24650.0 / 24750.0,1,3.15,100.0,Target Hit (50% Premium Decay),1.8,1.8
NIFTY,CE_SPREAD,2026-08-04 12:39:00,2026-08-04 13:30:00,0 days 00:51:00,17,24650.0 / 24750.0,1,2.85,100.0,Target Hit (50% Premium Decay),1.5,1.5
NIFTY,CE_SPREAD,2026-08-04 12:54:00,2026-08-04 13:42:00,0 days 00:48:00,16,24650.0 / 24750.0,1,2.49,100.0,Target Hit (50% Premium Decay),1.29,1.29
NIFTY,CE_SPREAD,2026-08-04 12:57:00,2026-08-04 13:42:00,0 days 00:45:00,15,24650.0 / 24750.0,1,2.4,100.0,Target Hit (50% Premium Decay),1.2,1.2
NIFTY,CE_SPREAD,2026-08-04 13:06:00,2026-08-04 14:18:00,0 days 01:12:00,24,24650.0 / 24750.0,1,2.3,100.0,SL Hit (50% Premium Appreciation),-2.7,-2.7
NIFTY,CE_SPREAD,2026-08-04 13:15:00,2026-08-04 14:18:00,0 days 01:03:00,21,24600.0 / 24700.0,1,4.6,100.0,SL Hit (50% Premium Appreciation),-4.85,-4.85
NIFTY,CE_SPREAD,2026-08-04 13:24:00,2026-08-04 14:15:00,0 days 00:51:00,17,24650.0 / 24750.0,1,2.05,100.0,SL Hit (50% Premium Appreciation),-1.2,-1.2
NIFTY,CE_SPREAD,2026-08-04 13:30:00,2026-08-04 14:09:00,0 days 00:39:00,13,24600.0 / 24700.0,1,3.25,100.0,SL Hit (50% Premium Appreciation),-2.4,-2.4
NIFTY,CE_SPREAD,2026-08-04 13:33:00,2026-08-04 14:09:00,0 days 00:36:00,12,24600.0 / 24700.0,1,3.14,100.0,SL Hit (50% Premium Appreciation),-2.51,-2.51
NIFTY,CE_SPREAD,2026-08-04 13:36:00,2026-08-04 14:09:00,0 days 00:33:00,11,24600.0 / 24700.0,1,3.6,100.0,SL Hit (50% Premium Appreciation),-2.05,-2.05
NIFTY,CE_SPREAD,2026-08-04 13:45:00,2026-08-04 14:09:00,0 days 00:24:00,8,24600.0 / 24700.0,1,3.3,100.0,SL Hit (50% Premium Appreciation),-2.35,-2.35
NIFTY,CE_SPREAD,2026-08-04 13:57:00,2026-08-04 14:09:00,0 days 00:12:00,4,24600.0 / 24700.0,1,3.7,100.0,SL Hit (50% Premium Appreciation),-1.95,-1.95
NIFTY,CE_SPREAD,2026-08-04 14:33:00,2026-08-04 14:51:00,0 days 00:18:00,6,24650.0 / 24750.0,1,2.95,100.0,SL Hit (50% Premium Appreciation),-1.5,-1.5
NIFTY,CE_SPREAD,2026-08-04 15:06:00,2026-08-04 15:12:00,0 days 00:06:00,2,24650.0 / 24750.0,1,4.1,100.0,SL Hit (50% Premium Appreciation),-4.15,-4.15
NIFTY,PE_SPREAD,2026-08-05 10:03:00,2026-08-11 09:15:00,5 days 23:12:00,500,24600.0 / 24500.0,1,37.5,100.0,SL Hit (50% Premium Appreciation),-19.9,-19.9
NIFTY,PE_SPREAD,2026-08-05 10:09:00,2026-08-11 09:15:00,5 days 23:06:00,498,24600.0 / 24500.0,1,36.4,100.0,SL Hit (50% Premium Appreciation),-21.0,-21.0
NIFTY,PE_SPREAD,2026-08-05 10:12:00,2026-08-11 09:15:00,5 days 23:03:00,497,24600.0 / 24500.0,1,35.25,100.0,SL Hit (50% Premium Appreciation),-22.15,-22.15
NIFTY,PE_SPREAD,2026-08-05 12:00:00,2026-08-11 09:45:00,5 days 21:45:00,471,24550.0 / 24450.0,1,37.25,100.0,SL Hit (50% Premium Appreciation),-19.1,-19.1
NIFTY,CE_SPREAD,2026-08-05 13:36:00,2026-08-06 11:18:00,0 days 21:42:00,83,24700.0 / 24800.0,1,30.8,100.0,SL Hit (50% Premium Appreciation),-15.6,-15.6
NIFTY,CE_SPREAD,2026-08-05 13:39:00,2026-08-06 11:27:00,0 days 21:48:00,85,24700.0 / 24800.0,1,30.95,100.0,SL Hit (50% Premium Appreciation),-16.15,-16.15
NIFTY,CE_SPREAD,2026-08-05 13:45:00,2026-08-11 09:15:00,5 days 19:30:00,426,24650.0 / 24750.0,1,35.65,100.0,Target Hit (50% Premium Decay),21.3,21.3
NIFTY,CE_SPREAD,2026-08-05 13:54:00,2026-08-06 11:18:00,0 days 21:24:00,77,24700.0 / 24800.0,1,30.8,100.0,SL Hit (50% Premium Appreciation),-15.6,-15.6
NIFTY,CE_SPREAD,2026-08-05 14:18:00,2026-08-06 09:48:00,0 days 19:30:00,39,24700.0 / 24800.0,1,30.0,100.0,SL Hit (50% Premium Appreciation),-15.35,-15.35
NIFTY,CE_SPREAD,2026-08-05 14:27:00,2026-08-06 09:48:00,0 days 19:21:00,36,24700.0 / 24800.0,1,30.1,100.0,SL Hit (50% Premium Appreciation),-15.25,-15.25
NIFTY,PE_SPREAD,2026-08-06 09:36:00,2026-08-11 09:15:00,4 days 23:39:00,380,24600.0 / 24500.0,1,34.8,100.0,SL Hit (50% Premium Appreciation),-22.6,-22.6
NIFTY,PE_SPREAD,2026-08-06 10:09:00,2026-08-11 09:15:00,4 days 23:06:00,369,24600.0 / 24500.0,1,36.65,100.0,SL Hit (50% Premium Appreciation),-20.75,-20.75
NIFTY,PE_SPREAD,2026-08-06 10:15:00,2026-08-11 09:15:00,4 days 23:00:00,367,24600.0 / 24500.0,1,36.35,100.0,SL Hit (50% Premium Appreciation),-21.05,-21.05
NIFTY,PE_SPREAD,2026-08-06 10:39:00,2026-08-11 09:15:00,4 days 22:36:00,359,24650.0 / 24550.0,1,40.75,100.0,SL Hit (50% Premium Appreciation),-27.95,-27.95
NIFTY,PE_SPREAD,2026-08-06 11:06:00,2026-08-11 09:15:00,4 days 22:09:00,350,24600.0 / 24500.0,1,35.05,100.0,SL Hit (50% Premium Appreciation),-22.35,-22.35
NIFTY,PE_SPREAD,2026-08-06 11:12:00,2026-08-07 14:12:00,1 days 03:00:00,189,24650.0 / 24550.0,1,37.4,100.0,SL Hit (50% Premium Appreciation),-19.0,-19.0
NIFTY,PE_SPREAD,2026-08-06 11:30:00,2026-08-07 14:12:00,1 days 02:42:00,183,24650.0 / 24550.0,1,37.0,100.0,SL Hit (50% Premium Appreciation),-19.4,-19.4
NIFTY,PE_SPREAD,2026-08-06 12:18:00,2026-08-11 09:15:00,4 days 20:57:00,326,24650.0 / 24550.0,1,39.6,100.0,SL Hit (50% Premium Appreciation),-29.1,-29.1
NIFTY,PE_SPREAD,2026-08-06 12:27:00,2026-08-11 09:15:00,4 days 20:48:00,323,24650.0 / 24550.0,1,39.85,100.0,SL Hit (50% Premium Appreciation),-28.85,-28.85
NIFTY,PE_SPREAD,2026-08-06 12:33:00,2026-08-10 09:33:00,3 days 21:00:00,198,24650.0 / 24550.0,1,38.35,100.0,SL Hit (50% Premium Appreciation),-19.25,-19.25
NIFTY,PE_SPREAD,2026-08-06 13:00:00,2026-08-11 09:15:00,4 days 20:15:00,312,24600.0 / 24500.0,1,34.75,100.0,SL Hit (50% Premium Appreciation),-22.65,-22.65
NIFTY,PE_SPREAD,2026-08-06 13:06:00,2026-08-11 09:15:00,4 days 20:09:00,310,24650.0 / 24550.0,1,41.85,100.0,SL Hit (50% Premium Appreciation),-26.85,-26.85
NIFTY,PE_SPREAD,2026-08-06 13:18:00,2026-08-11 09:15:00,4 days 19:57:00,306,24600.0 / 24500.0,1,35.65,100.0,SL Hit (50% Premium Appreciation),-21.75,-21.75
NIFTY,PE_SPREAD,2026-08-06 13:36:00,2026-08-11 09:15:00,4 days 19:39:00,300,24600.0 / 24500.0,1,35.2,100.0,SL Hit (50% Premium Appreciation),-22.2,-22.2
NIFTY,PE_SPREAD,2026-08-06 13:39:00,2026-08-11 09:15:00,4 days 19:36:00,299,24600.0 / 24500.0,1,35.4,100.0,SL Hit (50% Premium Appreciation),-22.0,-22.0
NIFTY,PE_SPREAD,2026-08-06 14:00:00,2026-08-11 09:15:00,4 days 19:15:00,292,24650.0 / 24550.0,1,39.6,100.0,SL Hit (50% Premium Appreciation),-29.1,-29.1
NIFTY,PE_SPREAD,2026-08-06 14:45:00,2026-08-11 09:15:00,4 days 18:30:00,277,24650.0 / 24550.0,1,39.15,100.0,SL Hit (50% Premium Appreciation),-29.55,-29.55
NIFTY,PE_SPREAD,2026-08-06 14:51:00,2026-08-10 09:42:00,3 days 18:51:00,155,24650.0 / 24550.0,1,38.95,100.0,SL Hit (50% Premium Appreciation),-19.65,-19.65
NIFTY,PE_SPREAD,2026-08-06 15:00:00,2026-08-10 09:39:00,3 days 18:39:00,151,24650.0 / 24550.0,1,38.8,100.0,SL Hit (50% Premium Appreciation),-19.5,-19.5
NIFTY,PE_SPREAD,2026-08-06 15:09:00,2026-08-11 09:15:00,4 days 18:06:00,269,24650.0 / 24550.0,1,39.15,100.0,SL Hit (50% Premium Appreciation),-29.55,-29.55
NIFTY,PE_SPREAD,2026-08-06 15:15:00,2026-08-07 14:12:00,0 days 22:57:00,108,24650.0 / 24550.0,1,36.75,100.0,SL Hit (50% Premium Appreciation),-19.65,-19.65
NIFTY,PE_SPREAD,2026-08-06 15:36:00,2026-08-10 09:33:00,3 days 17:57:00,137,24650.0 / 24550.0,1,38.15,100.0,SL Hit (50% Premium Appreciation),-19.45,-19.45
NIFTY,PE_SPREAD,2026-08-07 09:33:00,2026-08-11 09:18:00,3 days 23:45:00,253,24600.0 / 24500.0,1,40.3,100.0,SL Hit (50% Premium Appreciation),-21.45,-21.45
NIFTY,PE_SPREAD,2026-08-07 09:45:00,2026-08-11 09:18:00,3 days 23:33:00,249,24600.0 / 24500.0,1,40.15,100.0,SL Hit (50% Premium Appreciation),-21.6,-21.6
NIFTY,CE_SPREAD,2026-08-07 10:18:00,2026-08-11 09:15:00,3 days 22:57:00,237,24750.0 / 24850.0,1,26.3,100.0,Target Hit (50% Premium Decay),21.05,21.05
NIFTY,CE_SPREAD,2026-08-07 10:21:00,2026-08-11 09:15:00,3 days 22:54:00,236,24750.0 / 24850.0,1,26.0,100.0,Target Hit (50% Premium Decay),20.75,20.75
NIFTY,CE_SPREAD,2026-08-07 10:30:00,2026-08-11 09:15:00,3 days 22:45:00,233,24750.0 / 24850.0,1,25.3,100.0,Target Hit (50% Premium Decay),20.05,20.05
NIFTY,CE_SPREAD,2026-08-07 11:03:00,2026-08-11 09:15:00,3 days 22:12:00,222,24750.0 / 24850.0,1,24.9,100.0,Target Hit (50% Premium Decay),19.65,19.65
NIFTY,CE_SPREAD,2026-08-07 11:06:00,2026-08-11 09:15:00,3 days 22:09:00,221,24750.0 / 24850.0,1,25.3,100.0,Target Hit (50% Premium Decay),20.05,20.05
NIFTY,CE_SPREAD,2026-08-07 11:48:00,2026-08-11 09:15:00,3 days 21:27:00,207,24750.0 / 24850.0,1,24.45,100.0,Target Hit (50% Premium Decay),19.2,19.2
NIFTY,CE_SPREAD,2026-08-07 11:51:00,2026-08-11 09:15:00,3 days 21:24:00,206,24750.0 / 24850.0,1,23.65,100.0,Target Hit (50% Premium Decay),18.4,18.4
NIFTY,CE_SPREAD,2026-08-07 11:54:00,2026-08-11 09:15:00,3 days 21:21:00,205,24750.0 / 24850.0,1,24.05,100.0,Target Hit (50% Premium Decay),18.8,18.8
NIFTY,CE_SPREAD,2026-08-07 12:03:00,2026-08-11 09:15:00,3 days 21:12:00,202,24750.0 / 24850.0,1,23.0,100.0,Target Hit (50% Premium Decay),17.75,17.75
NIFTY,CE_SPREAD,2026-08-07 12:09:00,2026-08-11 09:15:00,3 days 21:06:00,200,24750.0 / 24850.0,1,22.85,100.0,Target Hit (50% Premium Decay),17.6,17.6
NIFTY,CE_SPREAD,2026-08-07 12:12:00,2026-08-11 09:15:00,3 days 21:03:00,199,24700.0 / 24800.0,1,27.65,100.0,Target Hit (50% Premium Decay),18.75,18.75
NIFTY,CE_SPREAD,2026-08-07 12:45:00,2026-08-11 09:15:00,3 days 20:30:00,188,24750.0 / 24850.0,1,24.6,100.0,Target Hit (50% Premium Decay),19.35,19.35
NIFTY,CE_SPREAD,2026-08-07 12:54:00,2026-08-11 09:15:00,3 days 20:21:00,185,24750.0 / 24850.0,1,23.7,100.0,Target Hit (50% Premium Decay),18.45,18.45
NIFTY,CE_SPREAD,2026-08-07 13:00:00,2026-08-11 09:15:00,3 days 20:15:00,183,24750.0 / 24850.0,1,23.4,100.0,Target Hit (50% Premium Decay),18.15,18.15
NIFTY,CE_SPREAD,2026-08-07 13:15:00,2026-08-11 09:15:00,3 days 20:00:00,178,24700.0 / 24800.0,1,28.15,100.0,Target Hit (50% Premium Decay),19.25,19.25
NIFTY,CE_SPREAD,2026-08-07 14:06:00,2026-08-11 09:15:00,3 days 19:09:00,161,24750.0 / 24850.0,1,20.7,100.0,Target Hit (50% Premium Decay),15.45,15.45
NIFTY,CE_SPREAD,2026-08-07 14:09:00,2026-08-11 09:15:00,3 days 19:06:00,160,24700.0 / 24800.0,1,25.7,100.0,Target Hit (50% Premium Decay),16.8,16.8
NIFTY,CE_SPREAD,2026-08-07 14:15:00,2026-08-11 09:15:00,3 days 19:00:00,158,24700.0 / 24800.0,1,25.8,100.0,Target Hit (50% Premium Decay),16.9,16.9
NIFTY,CE_SPREAD,2026-08-07 14:24:00,2026-08-11 09:15:00,3 days 18:51:00,155,24700.0 / 24800.0,1,26.25,100.0,Target Hit (50% Premium Decay),17.35,17.35
NIFTY,CE_SPREAD,2026-08-07 14:30:00,2026-08-11 09:15:00,3 days 18:45:00,153,24700.0 / 24800.0,1,26.8,100.0,Target Hit (50% Premium Decay),17.9,17.9
NIFTY,CE_SPREAD,2026-08-07 14:42:00,2026-08-11 09:15:00,3 days 18:33:00,149,24700.0 / 24800.0,1,26.6,100.0,Target Hit (50% Premium Decay),17.7,17.7
NIFTY,CE_SPREAD,2026-08-10 09:33:00,2026-08-10 12:15:00,0 days 02:42:00,54,24700.0 / 24800.0,1,19.65,100.0,SL Hit (50% Premium Appreciation),-10.4,-10.4
NIFTY,CE_SPREAD,2026-08-10 09:45:00,2026-08-10 12:15:00,0 days 02:30:00,50,24700.0 / 24800.0,1,20.0,100.0,SL Hit (50% Premium Appreciation),-10.05,-10.05
NIFTY,CE_SPREAD,2026-08-10 10:06:00,2026-08-10 12:15:00,0 days 02:09:00,43,24700.0 / 24800.0,1,19.75,100.0,SL Hit (50% Premium Appreciation),-10.3,-10.3
NIFTY,CE_SPREAD,2026-08-10 10:12:00,2026-08-11 09:15:00,0 days 23:03:00,110,24700.0 / 24800.0,1,20.5,100.0,Target Hit (50% Premium Decay),11.6,11.6
NIFTY,CE_SPREAD,2026-08-11 09:18:00,2026-08-11 10:18:00,0 days 01:00:00,20,24700.0 / 24800.0,1,7.2,100.0,Target Hit (50% Premium Decay),3.9,3.9
NIFTY,CE_SPREAD,2026-08-11 09:30:00,2026-08-11 10:42:00,0 days 01:12:00,24,24650.0 / 24750.0,1,12.6,100.0,Target Hit (50% Premium Decay),6.75,6.75
NIFTY,CE_SPREAD,2026-08-11 09:42:00,2026-08-11 10:57:00,0 days 01:15:00,25,24650.0 / 24750.0,1,9.8,100.0,Target Hit (50% Premium Decay),5.0,5.0
NIFTY,CE_SPREAD,2026-08-11 09:45:00,2026-08-11 11:00:00,0 days 01:15:00,25,24650.0 / 24750.0,1,8.2,100.0,Target Hit (50% Premium Decay),4.3,4.3
NIFTY,CE_SPREAD,2026-08-11 09:48:00,2026-08-11 11:00:00,0 days 01:12:00,24,24650.0 / 24750.0,1,9.0,100.0,Target Hit (50% Premium Decay),5.1,5.1
NIFTY,CE_SPREAD,2026-08-11 10:21:00,2026-08-11 11:09:00,0 days 00:48:00,16,24650.0 / 24750.0,1,6.9,100.0,Target Hit (50% Premium Decay),3.5,3.5
NIFTY,CE_SPREAD,2026-08-11 11:03:00,2026-08-11 12:03:00,0 days 01:00:00,20,24650.0 / 24750.0,1,3.7,100.0,Target Hit (50% Premium Decay),1.9,1.9
NIFTY,CE_SPREAD,2026-08-11 11:06:00,2026-08-11 13:36:00,0 days 02:30:00,50,24600.0 / 24700.0,1,7.55,100.0,Target Hit (50% Premium Decay),3.8,3.8
NIFTY,CE_SPREAD,2026-08-11 11:12:00,2026-08-11 13:51:00,0 days 02:39:00,53,24600.0 / 24700.0,1,7.35,100.0,Target Hit (50% Premium Decay),4.35,4.35
NIFTY,CE_SPREAD,2026-08-11 11:21:00,2026-08-11 13:51:00,0 days 02:30:00,50,24600.0 / 24700.0,1,6.5,100.0,Target Hit (50% Premium Decay),3.5,3.5
NIFTY,CE_SPREAD,2026-08-11 11:54:00,2026-08-11 13:51:00,0 days 01:57:00,39,24650.0 / 24750.0,1,2.15,100.0,Target Hit (50% Premium Decay),1.2,1.2
NIFTY,CE_SPREAD,2026-08-11 12:03:00,2026-08-11 14:27:00,0 days 02:24:00,48,24600.0 / 24700.0,1,4.3,100.0,Target Hit (50% Premium Decay),2.2,2.2
NIFTY,CE_SPREAD,2026-08-11 12:06:00,2026-08-11 14:27:00,0 days 02:21:00,47,24600.0 / 24700.0,1,4.25,100.0,Target Hit (50% Premium Decay),2.15,2.15
NIFTY,CE_SPREAD,2026-08-11 12:15:00,2026-08-11 14:27:00,0 days 02:12:00,44,24600.0 / 24700.0,1,4.35,100.0,Target Hit (50% Premium Decay),2.25,2.25
NIFTY,CE_SPREAD,2026-08-11 12:18:00,2026-08-11 14:03:00,0 days 01:45:00,35,24600.0 / 24700.0,1,4.55,100.0,Target Hit (50% Premium Decay),2.35,2.35
NIFTY,CE_SPREAD,2026-08-11 13:00:00,2026-08-11 14:03:00,0 days 01:03:00,21,24600.0 / 24700.0,1,4.5,100.0,Target Hit (50% Premium Decay),2.3,2.3
NIFTY,CE_SPREAD,2026-08-11 13:54:00,2026-08-11 14:12:00,0 days 00:18:00,6,24650.0 / 24750.0,1,0.8,100.0,SL Hit (50% Premium Appreciation),-0.5,-0.5
NIFTY,CE_SPREAD,2026-08-11 14:06:00,2026-08-11 14:12:00,0 days 00:06:00,2,24650.0 / 24750.0,1,0.75,100.0,SL Hit (50% Premium Appreciation),-0.55,-0.55
NIFTY,CE_SPREAD,2026-08-11 14:21:00,2026-08-11 14:54:00,0 days 00:33:00,11,24650.0 / 24750.0,1,0.9,100.0,SL Hit (50% Premium Appreciation),-0.45,-0.45
NIFTY,CE_SPREAD,2026-08-11 14:30:00,2026-08-11 14:45:00,0 days 00:15:00,5,24650.0 / 24750.0,1,0.55,100.0,SL Hit (50% Premium Appreciation),-0.35,-0.35
NIFTY,CE_SPREAD,2026-08-11 14:33:00,2026-08-11 14:51:00,0 days 00:18:00,6,24650.0 / 24750.0,1,0.7,100.0,SL Hit (50% Premium Appreciation),-0.4,-0.4
NIFTY,CE_SPREAD,2026-08-11 14:39:00,2026-08-11 14:51:00,0 days 00:12:00,4,24650.0 / 24750.0,1,0.7,100.0,SL Hit (50% Premium Appreciation),-0.4,-0.4
NIFTY,CE_SPREAD,2026-08-11 15:09:00,2026-08-11 15:15:00,0 days 00:06:00,2,24650.0 / 24750.0,1,0.55,100.0,Target Hit (50% Premium Decay),0.4,0.4
NIFTY,CE_SPREAD,2026-08-11 15:12:00,2026-08-11 15:15:00,0 days 00:03:00,1,24650.0 / 24750.0,1,0.5,100.0,Target Hit (50% Premium Decay),0.35,0.35
SENSEX,CE_SPREAD,2026-07-20 11:06:00,2026-07-21 12:57:00,1 days 01:51:00,160,78200.0 / 78400.0,1,55.7,200.0,Target Hit (50% Premium Decay),28.15,14.07
SENSEX,CE_SPREAD,2026-07-20 11:30:00,2026-07-22 09:15:00,1 days 21:45:00,203,78100.0 / 78300.0,1,55.55,200.0,Target Hit (50% Premium Decay),42.2,21.1
SENSEX,CE_SPREAD,2026-07-20 11:54:00,2026-07-22 09:15:00,1 days 21:21:00,195,78100.0 / 78300.0,1,50.9,200.0,Target Hit (50% Premium Decay),37.55,18.78
SENSEX,CE_SPREAD,2026-07-20 12:03:00,2026-07-22 09:15:00,1 days 21:12:00,192,78100.0 / 78300.0,1,49.8,200.0,Target Hit (50% Premium Decay),36.45,18.23
SENSEX,CE_SPREAD,2026-07-20 12:30:00,2026-07-22 09:15:00,1 days 20:45:00,183,78000.0 / 78200.0,1,56.5,200.0,Target Hit (50% Premium Decay),40.0,20.0
SENSEX,PE_SPREAD,2026-07-20 14:18:00,2026-07-22 09:15:00,1 days 18:57:00,147,77900.0 / 77700.0,1,96.15,200.0,SL Hit (50% Premium Appreciation),-74.0,-37.0
SENSEX,PE_SPREAD,2026-07-20 14:54:00,2026-07-22 09:15:00,1 days 18:21:00,135,78000.0 / 77800.0,1,105.3,200.0,SL Hit (50% Premium Appreciation),-75.85,-37.93
SENSEX,PE_SPREAD,2026-07-20 15:15:00,2026-07-22 09:15:00,1 days 18:00:00,128,78000.0 / 77800.0,1,104.15,200.0,SL Hit (50% Premium Appreciation),-77.0,-38.5
SENSEX,PE_SPREAD,2026-07-20 15:21:00,2026-07-22 09:15:00,1 days 17:54:00,126,78000.0 / 77800.0,1,104.6,200.0,SL Hit (50% Premium Appreciation),-76.55,-38.28
SENSEX,PE_SPREAD,2026-07-21 09:21:00,2026-07-22 09:15:00,0 days 23:54:00,123,78000.0 / 77800.0,1,116.25,200.0,SL Hit (50% Premium Appreciation),-64.9,-32.45
SENSEX,CE_SPREAD,2026-07-21 11:12:00,2026-07-22 09:15:00,0 days 22:03:00,86,78100.0 / 78300.0,1,41.2,200.0,Target Hit (50% Premium Decay),27.85,13.92
SENSEX,CE_SPREAD,2026-07-21 11:33:00,2026-07-22 09:15:00,0 days 21:42:00,79,78100.0 / 78300.0,1,40.9,200.0,Target Hit (50% Premium Decay),27.55,13.78
SENSEX,CE_SPREAD,2026-07-21 12:33:00,2026-07-22 09:15:00,0 days 20:42:00,59,78100.0 / 78300.0,1,39.6,200.0,Target Hit (50% Premium Decay),26.25,13.12
SENSEX,CE_SPREAD,2026-07-21 13:48:00,2026-07-22 09:15:00,0 days 19:27:00,34,78100.0 / 78300.0,1,36.4,200.0,Target Hit (50% Premium Decay),23.05,11.53
SENSEX,CE_SPREAD,2026-07-22 09:18:00,2026-07-22 10:21:00,0 days 01:03:00,21,77700.0 / 77900.0,1,33.75,200.0,Target Hit (50% Premium Decay),17.3,8.65
SENSEX,CE_SPREAD,2026-07-22 10:18:00,2026-07-22 14:24:00,0 days 04:06:00,82,77600.0 / 77800.0,1,23.35,200.0,Target Hit (50% Premium Decay),11.8,5.9
SENSEX,CE_SPREAD,2026-07-22 10:33:00,2026-07-23 09:15:00,0 days 22:42:00,99,77500.0 / 77700.0,1,25.7,200.0,Target Hit (50% Premium Decay),23.7,11.85
SENSEX,CE_SPREAD,2026-07-22 11:18:00,2026-07-23 09:15:00,0 days 21:57:00,84,77500.0 / 77700.0,1,26.4,200.0,Target Hit (50% Premium Decay),24.4,12.2
SENSEX,CE_SPREAD,2026-07-22 11:27:00,2026-07-22 14:30:00,0 days 03:03:00,61,77600.0 / 77800.0,1,22.35,200.0,Target Hit (50% Premium Decay),11.45,5.73
SENSEX,CE_SPREAD,2026-07-22 12:57:00,2026-07-23 09:15:00,0 days 20:18:00,51,77400.0 / 77600.0,1,26.6,200.0,Target Hit (50% Premium Decay),24.05,12.02
SENSEX,CE_SPREAD,2026-07-22 13:03:00,2026-07-23 09:15:00,0 days 20:12:00,49,77400.0 / 77600.0,1,23.25,200.0,Target Hit (50% Premium Decay),20.7,10.35
SENSEX,CE_SPREAD,2026-07-22 13:12:00,2026-07-23 09:15:00,0 days 20:03:00,46,77300.0 / 77500.0,1,29.1,200.0,Target Hit (50% Premium Decay),25.6,12.8
SENSEX,CE_SPREAD,2026-07-22 13:48:00,2026-07-23 09:15:00,0 days 19:27:00,34,77400.0 / 77600.0,1,22.4,200.0,Target Hit (50% Premium Decay),19.85,9.92
SENSEX,CE_SPREAD,2026-07-22 15:24:00,2026-07-23 09:15:00,0 days 17:51:00,2,77400.0 / 77600.0,1,19.6,200.0,Target Hit (50% Premium Decay),17.05,8.52
SENSEX,CE_SPREAD,2026-07-23 10:21:00,2026-07-23 11:39:00,0 days 01:18:00,26,77200.0 / 77400.0,1,5.7,200.0,Target Hit (50% Premium Decay),3.05,1.53
SENSEX,CE_SPREAD,2026-07-23 10:36:00,2026-07-23 11:18:00,0 days 00:42:00,14,77300.0 / 77500.0,1,5.1,200.0,Target Hit (50% Premium Decay),2.85,1.42
SENSEX,CE_SPREAD,2026-07-23 10:57:00,2026-07-23 11:24:00,0 days 00:27:00,9,77300.0 / 77500.0,1,4.4,200.0,Target Hit (50% Premium Decay),2.35,1.18
SENSEX,CE_SPREAD,2026-07-23 11:21:00,2026-07-23 11:51:00,0 days 00:30:00,10,77200.0 / 77400.0,1,4.05,200.0,Target Hit (50% Premium Decay),2.15,1.08
SENSEX,CE_SPREAD,2026-07-23 11:54:00,2026-07-23 12:30:00,0 days 00:36:00,12,77100.0 / 77300.0,1,3.4,200.0,Target Hit (50% Premium Decay),1.8,0.9
SENSEX,CE_SPREAD,2026-07-23 12:18:00,2026-07-23 12:33:00,0 days 00:15:00,5,77200.0 / 77400.0,1,1.6,200.0,Target Hit (50% Premium Decay),0.85,0.43
SENSEX,CE_SPREAD,2026-07-23 12:27:00,2026-07-23 12:42:00,0 days 00:15:00,5,77100.0 / 77300.0,1,1.8,200.0,Target Hit (50% Premium Decay),1.15,0.57
SENSEX,CE_SPREAD,2026-07-23 13:45:00,2026-07-23 14:09:00,0 days 00:24:00,8,76900.0 / 77100.0,1,0.85,200.0,Target Hit (50% Premium Decay),0.55,0.27
SENSEX,CE_SPREAD,2026-07-23 14:30:00,2026-07-23 14:33:00,0 days 00:03:00,1,76900.0 / 77100.0,1,0.1,200.0,SL Hit (50% Premium Appreciation),-0.35,-0.17
SENSEX,CE_SPREAD,2026-07-23 15:15:00,2026-07-23 15:18:00,0 days 00:03:00,1,76900.0 / 77100.0,1,0.1,200.0,Target Hit (50% Premium Decay),0.1,0.05
SENSEX,CE_SPREAD,2026-07-24 10:30:00,2026-07-24 12:27:00,0 days 01:57:00,39,76200.0 / 76400.0,1,64.35,200.0,SL Hit (50% Premium Appreciation),-33.15,-16.58
SENSEX,CE_SPREAD,2026-07-24 10:33:00,2026-07-24 12:24:00,0 days 01:51:00,37,76200.0 / 76400.0,1,62.2,200.0,SL Hit (50% Premium Appreciation),-33.3,-16.65
SENSEX,CE_SPREAD,2026-07-24 10:54:00,2026-07-24 12:30:00,0 days 01:36:00,32,76200.0 / 76400.0,1,66.65,200.0,SL Hit (50% Premium Appreciation),-35.25,-17.62
SENSEX,CE_SPREAD,2026-07-24 10:57:00,2026-07-24 12:27:00,0 days 01:30:00,30,76200.0 / 76400.0,1,64.75,200.0,SL Hit (50% Premium Appreciation),-32.75,-16.38
SENSEX,CE_SPREAD,2026-07-24 11:24:00,2026-07-24 14:00:00,0 days 02:36:00,52,76300.0 / 76500.0,1,66.3,200.0,SL Hit (50% Premium Appreciation),-33.4,-16.7
SENSEX,CE_SPREAD,2026-07-24 11:57:00,2026-07-24 14:00:00,0 days 02:03:00,41,76400.0 / 76600.0,1,62.3,200.0,SL Hit (50% Premium Appreciation),-32.05,-16.03
SENSEX,CE_SPREAD,2026-07-24 13:03:00,2026-07-27 09:36:00,2 days 20:33:00,56,76700.0 / 76900.0,1,65.6,200.0,SL Hit (50% Premium Appreciation),-34.8,-17.4
SENSEX,PE_SPREAD,2026-07-27 09:18:00,2026-07-29 09:15:00,1 days 23:57:00,249,76800.0 / 76600.0,1,96.3,200.0,Target Hit (50% Premium Decay),77.3,38.65
SENSEX,PE_SPREAD,2026-07-27 09:24:00,2026-07-29 09:15:00,1 days 23:51:00,247,76800.0 / 76600.0,1,94.5,200.0,Target Hit (50% Premium Decay),75.5,37.75
SENSEX,PE_SPREAD,2026-07-27 09:36:00,2026-07-29 09:15:00,1 days 23:39:00,243,76800.0 / 76600.0,1,93.2,200.0,Target Hit (50% Premium Decay),74.2,37.1
SENSEX,PE_SPREAD,2026-07-27 09:39:00,2026-07-29 09:15:00,1 days 23:36:00,242,76800.0 / 76600.0,1,94.6,200.0,Target Hit (50% Premium Decay),75.6,37.8
SENSEX,PE_SPREAD,2026-07-27 09:45:00,2026-07-29 09:15:00,1 days 23:30:00,240,76800.0 / 76600.0,1,91.85,200.0,Target Hit (50% Premium Decay),72.85,36.43
SENSEX,PE_SPREAD,2026-07-27 10:15:00,2026-07-29 09:15:00,1 days 23:00:00,230,76800.0 / 76600.0,1,96.3,200.0,Target Hit (50% Premium Decay),77.3,38.65
SENSEX,PE_SPREAD,2026-07-27 10:18:00,2026-07-29 09:15:00,1 days 22:57:00,229,76700.0 / 76500.0,1,92.5,200.0,Target Hit (50% Premium Decay),77.6,38.8
SENSEX,PE_SPREAD,2026-07-27 10:42:00,2026-07-29 09:15:00,1 days 22:33:00,221,76800.0 / 76600.0,1,94.8,200.0,Target Hit (50% Premium Decay),75.8,37.9
SENSEX,PE_SPREAD,2026-07-27 10:48:00,2026-07-29 09:15:00,1 days 22:27:00,219,76800.0 / 76600.0,1,98.15,200.0,Target Hit (50% Premium Decay),79.15,39.57
SENSEX,PE_SPREAD,2026-07-27 11:00:00,2026-07-29 09:15:00,1 days 22:15:00,215,76800.0 / 76600.0,1,91.85,200.0,Target Hit (50% Premium Decay),72.85,36.42
SENSEX,PE_SPREAD,2026-07-27 11:12:00,2026-07-29 09:15:00,1 days 22:03:00,211,76800.0 / 76600.0,1,92.95,200.0,Target Hit (50% Premium Decay),73.95,36.98
SENSEX,PE_SPREAD,2026-07-27 11:21:00,2026-07-29 09:15:00,1 days 21:54:00,208,76900.0 / 76700.0,1,97.9,200.0,Target Hit (50% Premium Decay),73.75,36.87
SENSEX,PE_SPREAD,2026-07-27 11:27:00,2026-07-29 09:15:00,1 days 21:48:00,206,76900.0 / 76700.0,1,94.2,200.0,Target Hit (50% Premium Decay),70.05,35.02
SENSEX,PE_SPREAD,2026-07-27 11:33:00,2026-07-29 09:15:00,1 days 21:42:00,204,76900.0 / 76700.0,1,94.6,200.0,Target Hit (50% Premium Decay),70.45,35.22
SENSEX,PE_SPREAD,2026-07-27 11:42:00,2026-07-29 09:15:00,1 days 21:33:00,201,76900.0 / 76700.0,1,94.9,200.0,Target Hit (50% Premium Decay),70.75,35.38
SENSEX,PE_SPREAD,2026-07-27 11:48:00,2026-07-29 09:15:00,1 days 21:27:00,199,76900.0 / 76700.0,1,97.4,200.0,Target Hit (50% Premium Decay),73.25,36.63
SENSEX,PE_SPREAD,2026-07-27 11:57:00,2026-07-29 09:15:00,1 days 21:18:00,196,77000.0 / 76800.0,1,105.15,200.0,Target Hit (50% Premium Decay),74.5,37.25
SENSEX,PE_SPREAD,2026-07-27 12:15:00,2026-07-29 09:15:00,1 days 21:00:00,190,76900.0 / 76700.0,1,96.9,200.0,Target Hit (50% Premium Decay),72.75,36.37
SENSEX,PE_SPREAD,2026-07-27 13:03:00,2026-07-29 09:15:00,1 days 20:12:00,174,76900.0 / 76700.0,1,93.35,200.0,Target Hit (50% Premium Decay),69.2,34.6
SENSEX,PE_SPREAD,2026-07-27 13:09:00,2026-07-29 09:15:00,1 days 20:06:00,172,77000.0 / 76800.0,1,102.75,200.0,Target Hit (50% Premium Decay),72.1,36.05
SENSEX,PE_SPREAD,2026-07-27 13:18:00,2026-07-29 09:15:00,1 days 19:57:00,169,77000.0 / 76800.0,1,101.6,200.0,Target Hit (50% Premium Decay),70.95,35.48
SENSEX,PE_SPREAD,2026-07-27 14:15:00,2026-07-29 09:15:00,1 days 19:00:00,150,77000.0 / 76800.0,1,94.0,200.0,Target Hit (50% Premium Decay),63.35,31.68
SENSEX,PE_SPREAD,2026-07-27 14:27:00,2026-07-29 09:15:00,1 days 18:48:00,146,77100.0 / 76900.0,1,96.4,200.0,Target Hit (50% Premium Decay),58.45,29.22
SENSEX,PE_SPREAD,2026-07-27 14:39:00,2026-07-29 09:15:00,1 days 18:36:00,142,77000.0 / 76800.0,1,91.1,200.0,Target Hit (50% Premium Decay),60.45,30.22
SENSEX,PE_SPREAD,2026-07-27 15:03:00,2026-07-29 09:15:00,1 days 18:12:00,134,77100.0 / 76900.0,1,101.6,200.0,Target Hit (50% Premium Decay),63.65,31.83
SENSEX,PE_SPREAD,2026-07-27 15:15:00,2026-07-29 09:15:00,1 days 18:00:00,130,77100.0 / 76900.0,1,99.2,200.0,Target Hit (50% Premium Decay),61.25,30.62
SENSEX,PE_SPREAD,2026-07-27 15:18:00,2026-07-29 09:15:00,1 days 17:57:00,129,77100.0 / 76900.0,1,95.8,200.0,Target Hit (50% Premium Decay),57.85,28.93
SENSEX,PE_SPREAD,2026-07-27 15:27:00,2026-07-29 09:15:00,1 days 17:48:00,126,77100.0 / 76900.0,1,95.8,200.0,Target Hit (50% Premium Decay),57.85,28.93
SENSEX,PE_SPREAD,2026-07-28 09:15:00,2026-07-29 09:15:00,1 days 00:00:00,125,77000.0 / 76800.0,1,87.5,200.0,Target Hit (50% Premium Decay),56.85,28.42
SENSEX,PE_SPREAD,2026-07-28 10:18:00,2026-07-29 09:15:00,0 days 22:57:00,104,77000.0 / 76800.0,1,103.1,200.0,Target Hit (50% Premium Decay),72.45,36.23
SENSEX,PE_SPREAD,2026-07-28 10:33:00,2026-07-29 09:15:00,0 days 22:42:00,99,77000.0 / 76800.0,1,102.0,200.0,Target Hit (50% Premium Decay),71.35,35.68
SENSEX,PE_SPREAD,2026-07-28 10:36:00,2026-07-29 09:15:00,0 days 22:39:00,98,77000.0 / 76800.0,1,97.6,200.0,Target Hit (50% Premium Decay),66.95,33.48
SENSEX,PE_SPREAD,2026-07-28 10:42:00,2026-07-29 09:15:00,0 days 22:33:00,96,77100.0 / 76900.0,1,106.8,200.0,Target Hit (50% Premium Decay),68.85,34.43
SENSEX,PE_SPREAD,2026-07-28 10:48:00,2026-07-29 09:15:00,0 days 22:27:00,94,77100.0 / 76900.0,1,97.1,200.0,Target Hit (50% Premium Decay),59.15,29.57
SENSEX,PE_SPREAD,2026-07-28 11:09:00,2026-07-29 09:15:00,0 days 22:06:00,87,77100.0 / 76900.0,1,104.7,200.0,Target Hit (50% Premium Decay),66.75,33.38
SENSEX,PE_SPREAD,2026-07-28 11:12:00,2026-07-29 09:15:00,0 days 22:03:00,86,77100.0 / 76900.0,1,105.45,200.0,Target Hit (50% Premium Decay),67.5,33.75
SENSEX,PE_SPREAD,2026-07-28 11:15:00,2026-07-29 09:15:00,0 days 22:00:00,85,77100.0 / 76900.0,1,97.0,200.0,Target Hit (50% Premium Decay),59.05,29.52
SENSEX,PE_SPREAD,2026-07-28 11:24:00,2026-07-29 09:15:00,0 days 21:51:00,82,77100.0 / 76900.0,1,105.9,200.0,Target Hit (50% Premium Decay),67.95,33.97
SENSEX,PE_SPREAD,2026-07-28 11:45:00,2026-07-29 09:15:00,0 days 21:30:00,75,77100.0 / 76900.0,1,98.3,200.0,Target Hit (50% Premium Decay),60.35,30.18
SENSEX,PE_SPREAD,2026-07-28 15:21:00,2026-07-29 09:15:00,0 days 17:54:00,3,77200.0 / 77000.0,1,107.45,200.0,Target Hit (50% Premium Decay),61.15,30.57
SENSEX,PE_SPREAD,2026-07-29 09:15:00,2026-07-30 09:18:00,1 days 00:03:00,126,77300.0 / 77100.0,1,56.05,200.0,Target Hit (50% Premium Decay),32.45,16.22
SENSEX,PE_SPREAD,2026-07-29 10:03:00,2026-07-30 11:15:00,1 days 01:12:00,149,77600.0 / 77400.0,1,93.0,200.0,Target Hit (50% Premium Decay),46.95,23.48
SENSEX,PE_SPREAD,2026-07-29 10:24:00,2026-07-30 12:30:00,1 days 02:06:00,167,77700.0 / 77500.0,1,98.85,200.0,Target Hit (50% Premium Decay),61.2,30.6
SENSEX,PE_SPREAD,2026-07-29 10:36:00,2026-07-30 12:30:00,1 days 01:54:00,163,77700.0 / 77500.0,1,104.7,200.0,Target Hit (50% Premium Decay),67.05,33.52
SENSEX,PE_SPREAD,2026-07-29 10:42:00,2026-07-30 11:24:00,1 days 00:42:00,139,77600.0 / 77400.0,1,88.7,200.0,Target Hit (50% Premium Decay),47.55,23.77
SENSEX,PE_SPREAD,2026-07-29 10:48:00,2026-07-30 12:30:00,1 days 01:42:00,159,77700.0 / 77500.0,1,103.85,200.0,Target Hit (50% Premium Decay),66.2,33.1
SENSEX,PE_SPREAD,2026-07-29 11:48:00,2026-07-30 12:30:00,1 days 00:42:00,139,77700.0 / 77500.0,1,101.6,200.0,Target Hit (50% Premium Decay),63.95,31.97
SENSEX,PE_SPREAD,2026-07-29 12:09:00,2026-07-30 12:30:00,1 days 00:21:00,132,77700.0 / 77500.0,1,94.2,200.0,Target Hit (50% Premium Decay),56.55,28.27
SENSEX,PE_SPREAD,2026-07-29 12:48:00,2026-07-30 12:30:00,0 days 23:42:00,119,77700.0 / 77500.0,1,108.25,200.0,Target Hit (50% Premium Decay),70.6,35.3
SENSEX,PE_SPREAD,2026-07-29 13:00:00,2026-07-30 11:24:00,0 days 22:24:00,93,77600.0 / 77400.0,1,83.4,200.0,Target Hit (50% Premium Decay),42.25,21.13
SENSEX,PE_SPREAD,2026-07-29 14:03:00,2026-07-30 12:33:00,0 days 22:30:00,95,77800.0 / 77600.0,1,100.65,200.0,Target Hit (50% Premium Decay),51.45,25.72
SENSEX,PE_SPREAD,2026-07-29 14:12:00,2026-07-30 12:33:00,0 days 22:21:00,92,77800.0 / 77600.0,1,103.1,200.0,Target Hit (50% Premium Decay),53.9,26.95
SENSEX,PE_SPREAD,2026-07-30 10:36:00,2026-07-30 12:30:00,0 days 01:54:00,38,77700.0 / 77500.0,1,106.0,200.0,Target Hit (50% Premium Decay),68.35,34.17
SENSEX,PE_SPREAD,2026-07-30 12:00:00,2026-07-30 12:30:00,0 days 00:30:00,10,77700.0 / 77500.0,1,86.65,200.0,Target Hit (50% Premium Decay),49.0,24.5
SENSEX,PE_SPREAD,2026-07-30 12:21:00,2026-07-30 12:30:00,0 days 00:09:00,3,77700.0 / 77500.0,1,82.5,200.0,Target Hit (50% Premium Decay),44.85,22.42
SENSEX,PE_SPREAD,2026-07-30 12:33:00,2026-07-30 13:09:00,0 days 00:36:00,12,77900.0 / 77700.0,1,76.95,200.0,SL Hit (50% Premium Appreciation),-61.4,-30.7
SENSEX,PE_SPREAD,2026-07-30 13:09:00,2026-07-30 14:18:00,0 days 01:09:00,23,77800.0 / 77600.0,1,97.05,200.0,SL Hit (50% Premium Appreciation),-51.3,-25.65
SENSEX,PE_SPREAD,2026-07-30 13:21:00,2026-07-30 14:15:00,0 days 00:54:00,18,77800.0 / 77600.0,1,84.85,200.0,SL Hit (50% Premium Appreciation),-44.85,-22.42
SENSEX,PE_SPREAD,2026-07-30 13:39:00,2026-07-30 14:09:00,0 days 00:30:00,10,77800.0 / 77600.0,1,67.6,200.0,SL Hit (50% Premium Appreciation),-46.0,-23.0
SENSEX,PE_SPREAD,2026-07-30 13:57:00,2026-07-30 15:06:00,0 days 01:09:00,23,77900.0 / 77700.0,1,134.1,200.0,Target Hit (50% Premium Decay),83.45,41.72
SENSEX,PE_SPREAD,2026-07-30 15:06:00,2026-07-30 15:21:00,0 days 00:15:00,5,77900.0 / 77700.0,1,50.65,200.0,Target Hit (50% Premium Decay),47.55,23.78
SENSEX,PE_SPREAD,2026-07-30 15:24:00,2026-07-30 15:27:00,0 days 00:03:00,1,77900.0 / 77700.0,1,1.0,200.0,Target Hit (50% Premium Decay),0.85,0.43
SENSEX,PE_SPREAD,2026-07-31 09:57:00,2026-08-03 09:15:00,2 days 23:18:00,111,78100.0 / 77900.0,1,94.55,200.0,Target Hit (50% Premium Decay),56.4,28.2
SENSEX,PE_SPREAD,2026-07-31 10:39:00,2026-08-03 09:15:00,2 days 22:36:00,97,78100.0 / 77900.0,1,93.45,200.0,Target Hit (50% Premium Decay),55.3,27.65
SENSEX,PE_SPREAD,2026-07-31 11:03:00,2026-08-03 09:15:00,2 days 22:12:00,89,78100.0 / 77900.0,1,94.2,200.0,Target Hit (50% Premium Decay),56.05,28.02
SENSEX,PE_SPREAD,2026-07-31 11:36:00,2026-08-03 09:15:00,2 days 21:39:00,78,78100.0 / 77900.0,1,91.9,200.0,Target Hit (50% Premium Decay),53.75,26.87
SENSEX,PE_SPREAD,2026-07-31 11:51:00,2026-08-03 09:15:00,2 days 21:24:00,73,78100.0 / 77900.0,1,90.0,200.0,Target Hit (50% Premium Decay),51.85,25.93
SENSEX,PE_SPREAD,2026-07-31 12:00:00,2026-08-03 09:15:00,2 days 21:15:00,70,78100.0 / 77900.0,1,89.1,200.0,Target Hit (50% Premium Decay),50.95,25.48
SENSEX,PE_SPREAD,2026-07-31 12:09:00,2026-08-03 09:15:00,2 days 21:06:00,67,78100.0 / 77900.0,1,89.95,200.0,Target Hit (50% Premium Decay),51.8,25.9
SENSEX,PE_SPREAD,2026-07-31 13:24:00,2026-08-03 10:15:00,2 days 20:51:00,62,78300.0 / 78100.0,1,89.95,200.0,Target Hit (50% Premium Decay),45.5,22.75
SENSEX,PE_SPREAD,2026-07-31 13:27:00,2026-08-03 10:15:00,2 days 20:48:00,61,78300.0 / 78100.0,1,91.15,200.0,Target Hit (50% Premium Decay),46.7,23.35
SENSEX,PE_SPREAD,2026-07-31 13:30:00,2026-08-03 11:03:00,2 days 21:33:00,76,78400.0 / 78200.0,1,100.7,200.0,Target Hit (50% Premium Decay),50.95,25.47
SENSEX,PE_SPREAD,2026-07-31 14:12:00,2026-08-03 10:03:00,2 days 19:51:00,42,78300.0 / 78100.0,1,94.4,200.0,Target Hit (50% Premium Decay),47.8,23.9
SENSEX,PE_SPREAD,2026-07-31 14:39:00,2026-08-03 09:15:00,2 days 18:36:00,17,78200.0 / 78000.0,1,92.25,200.0,Target Hit (50% Premium Decay),48.8,24.4
SENSEX,PE_SPREAD,2026-07-31 15:03:00,2026-08-03 09:15:00,2 days 18:12:00,9,78200.0 / 78000.0,1,90.3,200.0,Target Hit (50% Premium Decay),46.85,23.42
SENSEX,PE_SPREAD,2026-07-31 15:09:00,2026-08-03 09:54:00,2 days 18:45:00,20,78300.0 / 78100.0,1,98.9,200.0,Target Hit (50% Premium Decay),51.15,25.57
SENSEX,PE_SPREAD,2026-08-03 10:15:00,2026-08-04 13:09:00,1 days 02:54:00,187,78800.0 / 78600.0,1,87.75,200.0,SL Hit (50% Premium Appreciation),-45.15,-22.58
SENSEX,PE_SPREAD,2026-08-03 10:27:00,2026-08-04 13:12:00,1 days 02:45:00,184,78800.0 / 78600.0,1,88.65,200.0,SL Hit (50% Premium Appreciation),-44.8,-22.4
SENSEX,PE_SPREAD,2026-08-03 10:54:00,2026-08-04 12:57:00,1 days 02:03:00,170,78800.0 / 78600.0,1,87.3,200.0,SL Hit (50% Premium Appreciation),-44.2,-22.1
SENSEX,PE_SPREAD,2026-08-03 10:57:00,2026-08-04 13:15:00,1 days 02:18:00,175,78800.0 / 78600.0,1,89.9,200.0,SL Hit (50% Premium Appreciation),-45.95,-22.98
SENSEX,PE_SPREAD,2026-08-03 12:15:00,2026-08-04 12:09:00,0 days 23:54:00,127,78800.0 / 78600.0,1,83.85,200.0,SL Hit (50% Premium Appreciation),-43.85,-21.93
SENSEX,PE_SPREAD,2026-08-03 12:18:00,2026-08-04 12:57:00,1 days 00:39:00,142,78800.0 / 78600.0,1,86.3,200.0,SL Hit (50% Premium Appreciation),-45.2,-22.6
SENSEX,PE_SPREAD,2026-08-03 12:24:00,2026-08-04 12:36:00,1 days 00:12:00,133,78800.0 / 78600.0,1,85.8,200.0,SL Hit (50% Premium Appreciation),-43.2,-21.6
SENSEX,PE_SPREAD,2026-08-03 12:33:00,2026-08-04 13:09:00,1 days 00:36:00,141,78800.0 / 78600.0,1,88.15,200.0,SL Hit (50% Premium Appreciation),-44.75,-22.38
SENSEX,PE_SPREAD,2026-08-03 12:45:00,2026-08-06 15:21:00,3 days 02:36:00,439,78800.0 / 78600.0,1,96.3,200.0,Target Hit (50% Premium Decay),68.45,34.23
SENSEX,PE_SPREAD,2026-08-03 13:00:00,2026-08-04 13:18:00,1 days 00:18:00,135,78700.0 / 78500.0,1,85.75,200.0,SL Hit (50% Premium Appreciation),-44.0,-22.0
SENSEX,PE_SPREAD,2026-08-03 13:27:00,2026-08-04 13:00:00,0 days 23:33:00,120,78700.0 / 78500.0,1,81.2,200.0,SL Hit (50% Premium Appreciation),-42.2,-21.1
SENSEX,PE_SPREAD,2026-08-04 09:24:00,2026-08-04 12:57:00,0 days 03:33:00,71,78800.0 / 78600.0,1,87.65,200.0,SL Hit (50% Premium Appreciation),-43.85,-21.93
SENSEX,PE_SPREAD,2026-08-04 09:45:00,2026-08-04 11:54:00,0 days 02:09:00,43,78800.0 / 78600.0,1,79.05,200.0,SL Hit (50% Premium Appreciation),-40.45,-20.22
SENSEX,PE_SPREAD,2026-08-04 10:42:00,2026-08-04 13:30:00,0 days 02:48:00,56,78700.0 / 78500.0,1,87.35,200.0,SL Hit (50% Premium Appreciation),-45.55,-22.78
SENSEX,PE_SPREAD,2026-08-04 11:15:00,2026-08-04 14:00:00,0 days 02:45:00,55,78800.0 / 78600.0,1,94.3,200.0,SL Hit (50% Premium Appreciation),-47.55,-23.78
SENSEX,CE_SPREAD,2026-08-04 13:12:00,2026-08-05 09:15:00,0 days 20:03:00,50,78800.0 / 79000.0,1,49.65,200.0,SL Hit (50% Premium Appreciation),-61.15,-30.58
SENSEX,CE_SPREAD,2026-08-04 13:21:00,2026-08-05 09:15:00,0 days 19:54:00,47,78800.0 / 79000.0,1,50.55,200.0,SL Hit (50% Premium Appreciation),-60.25,-30.12
SENSEX,CE_SPREAD,2026-08-04 13:30:00,2026-08-05 09:15:00,0 days 19:45:00,44,78800.0 / 79000.0,1,45.0,200.0,SL Hit (50% Premium Appreciation),-65.8,-32.9
SENSEX,CE_SPREAD,2026-08-04 13:33:00,2026-08-05 09:15:00,0 days 19:42:00,43,78800.0 / 79000.0,1,46.4,200.0,SL Hit (50% Premium Appreciation),-64.4,-32.2
SENSEX,CE_SPREAD,2026-08-04 13:54:00,2026-08-05 09:15:00,0 days 19:21:00,36,78800.0 / 79000.0,1,44.55,200.0,SL Hit (50% Premium Appreciation),-66.25,-33.13
SENSEX,CE_SPREAD,2026-08-04 15:36:00,2026-08-05 09:15:00,0 days 17:39:00,2,78900.0 / 79100.0,1,44.05,200.0,SL Hit (50% Premium Appreciation),-53.45,-26.72
SENSEX,PE_SPREAD,2026-08-05 10:03:00,2026-08-06 15:21:00,1 days 05:18:00,235,78900.0 / 78700.0,1,94.9,200.0,Target Hit (50% Premium Decay),70.4,35.2
SENSEX,PE_SPREAD,2026-08-05 10:42:00,2026-08-05 14:15:00,0 days 03:33:00,71,78800.0 / 78600.0,1,91.25,200.0,SL Hit (50% Premium Appreciation),-47.15,-23.58
SENSEX,PE_SPREAD,2026-08-05 10:51:00,2026-08-06 15:21:00,1 days 04:30:00,219,78900.0 / 78700.0,1,97.1,200.0,Target Hit (50% Premium Decay),72.6,36.3
SENSEX,PE_SPREAD,2026-08-05 11:21:00,2026-08-06 15:21:00,1 days 04:00:00,209,78900.0 / 78700.0,1,95.7,200.0,Target Hit (50% Premium Decay),71.2,35.6
SENSEX,CE_SPREAD,2026-08-05 12:51:00,2026-08-06 09:42:00,0 days 20:51:00,66,78900.0 / 79100.0,1,53.55,200.0,SL Hit (50% Premium Appreciation),-29.2,-14.6
SENSEX,CE_SPREAD,2026-08-05 13:00:00,2026-08-06 09:27:00,0 days 20:27:00,58,78900.0 / 79100.0,1,52.0,200.0,SL Hit (50% Premium Appreciation),-27.0,-13.5
SENSEX,CE_SPREAD,2026-08-05 13:06:00,2026-08-06 09:45:00,0 days 20:39:00,62,78800.0 / 79000.0,1,60.6,200.0,SL Hit (50% Premium Appreciation),-35.65,-17.82
SENSEX,CE_SPREAD,2026-08-05 13:27:00,2026-08-06 09:42:00,0 days 20:15:00,54,78900.0 / 79100.0,1,53.1,200.0,SL Hit (50% Premium Appreciation),-29.65,-14.82
SENSEX,CE_SPREAD,2026-08-05 13:39:00,2026-08-06 09:21:00,0 days 19:42:00,43,78900.0 / 79100.0,1,49.5,200.0,SL Hit (50% Premium Appreciation),-27.8,-13.9
SENSEX,CE_SPREAD,2026-08-05 13:42:00,2026-08-06 09:15:00,0 days 19:33:00,40,78900.0 / 79100.0,1,44.8,200.0,SL Hit (50% Premium Appreciation),-26.4,-13.2
SENSEX,CE_SPREAD,2026-08-05 13:45:00,2026-08-06 09:21:00,0 days 19:36:00,41,78800.0 / 79000.0,1,56.6,200.0,SL Hit (50% Premium Appreciation),-33.4,-16.7
SENSEX,CE_SPREAD,2026-08-05 14:18:00,2026-08-06 09:15:00,0 days 18:57:00,28,78800.0 / 79000.0,1,51.0,200.0,SL Hit (50% Premium Appreciation),-30.55,-15.28
SENSEX,CE_SPREAD,2026-08-05 14:30:00,2026-08-06 09:15:00,0 days 18:45:00,24,78800.0 / 79000.0,1,52.65,200.0,SL Hit (50% Premium Appreciation),-28.9,-14.45
SENSEX,CE_SPREAD,2026-08-05 15:36:00,2026-08-06 09:18:00,0 days 17:42:00,3,79000.0 / 79200.0,1,40.15,200.0,SL Hit (50% Premium Appreciation),-21.95,-10.98
SENSEX,CE_SPREAD,2026-08-06 09:15:00,2026-08-06 09:48:00,0 days 00:33:00,11,79200.0 / 79400.0,1,41.3,200.0,SL Hit (50% Premium Appreciation),-21.1,-10.55
SENSEX,PE_SPREAD,2026-08-06 14:42:00,2026-08-06 15:21:00,0 days 00:39:00,13,78900.0 / 78700.0,1,90.85,200.0,Target Hit (50% Premium Decay),66.35,33.17
SENSEX,PE_SPREAD,2026-08-06 15:03:00,2026-08-06 15:21:00,0 days 00:18:00,6,78900.0 / 78700.0,1,93.15,200.0,Target Hit (50% Premium Decay),68.65,34.33
SENSEX,PE_SPREAD,2026-08-06 15:09:00,2026-08-06 15:21:00,0 days 00:12:00,4,78900.0 / 78700.0,1,91.05,200.0,Target Hit (50% Premium Decay),66.55,33.27
SENSEX,PE_SPREAD,2026-08-06 15:15:00,2026-08-06 15:21:00,0 days 00:06:00,2,78900.0 / 78700.0,1,65.0,200.0,Target Hit (50% Premium Decay),40.5,20.25
SENSEX,PE_SPREAD,2026-08-06 15:36:00,2026-08-14 15:39:00,8 days 00:03:00,770,79000.0 / 78800.0,1,45.15,200.0,Data Ended,0.05,0.03
SENSEX,PE_SPREAD,2026-08-07 09:30:00,2026-08-11 09:18:00,3 days 23:48:00,249,78800.0 / 78600.0,1,89.4,200.0,SL Hit (50% Premium Appreciation),-46.15,-23.07
SENSEX,CE_SPREAD,2026-08-07 10:18:00,2026-08-11 09:18:00,3 days 23:00:00,233,79100.0 / 79300.0,1,67.4,200.0,Target Hit (50% Premium Decay),34.3,17.15
SENSEX,CE_SPREAD,2026-08-07 10:21:00,2026-08-11 09:18:00,3 days 22:57:00,232,79100.0 / 79300.0,1,67.1,200.0,Target Hit (50% Premium Decay),34.0,17.0
SENSEX,CE_SPREAD,2026-08-07 10:30:00,2026-08-11 09:18:00,3 days 22:48:00,229,79100.0 / 79300.0,1,66.3,200.0,Target Hit (50% Premium Decay),33.2,16.6
SENSEX,CE_SPREAD,2026-08-07 10:33:00,2026-08-11 09:39:00,3 days 23:06:00,235,79000.0 / 79200.0,1,73.5,200.0,Target Hit (50% Premium Decay),37.45,18.73
SENSEX,CE_SPREAD,2026-08-07 10:45:00,2026-08-11 09:39:00,3 days 22:54:00,231,79000.0 / 79200.0,1,73.65,200.0,Target Hit (50% Premium Decay),37.6,18.8
SENSEX,CE_SPREAD,2026-08-07 10:54:00,2026-08-11 09:39:00,3 days 22:45:00,228,79000.0 / 79200.0,1,73.45,200.0,Target Hit (50% Premium Decay),37.4,18.7
SENSEX,CE_SPREAD,2026-08-07 11:06:00,2026-08-11 09:39:00,3 days 22:33:00,224,79000.0 / 79200.0,1,72.15,200.0,Target Hit (50% Premium Decay),36.1,18.05
SENSEX,CE_SPREAD,2026-08-07 11:09:00,2026-08-11 09:39:00,3 days 22:30:00,223,79000.0 / 79200.0,1,72.4,200.0,Target Hit (50% Premium Decay),36.35,18.17
SENSEX,CE_SPREAD,2026-08-07 11:18:00,2026-08-11 09:42:00,3 days 22:24:00,221,79000.0 / 79200.0,1,71.15,200.0,Target Hit (50% Premium Decay),35.7,17.85
SENSEX,CE_SPREAD,2026-08-07 11:21:00,2026-08-11 09:39:00,3 days 22:18:00,219,79000.0 / 79200.0,1,74.35,200.0,Target Hit (50% Premium Decay),38.3,19.15
SENSEX,CE_SPREAD,2026-08-07 11:51:00,2026-08-11 09:39:00,3 days 21:48:00,209,79100.0 / 79300.0,1,63.55,200.0,Target Hit (50% Premium Decay),33.45,16.73
SENSEX,CE_SPREAD,2026-08-07 11:54:00,2026-08-11 09:39:00,3 days 21:45:00,208,79000.0 / 79200.0,1,72.1,200.0,Target Hit (50% Premium Decay),36.05,18.03
SENSEX,CE_SPREAD,2026-08-07 12:15:00,2026-08-11 09:45:00,3 days 21:30:00,203,79000.0 / 79200.0,1,66.8,200.0,Target Hit (50% Premium Decay),33.7,16.85
SENSEX,CE_SPREAD,2026-08-07 12:27:00,2026-08-11 09:45:00,3 days 21:18:00,199,79000.0 / 79200.0,1,69.2,200.0,Target Hit (50% Premium Decay),36.1,18.05
SENSEX,CE_SPREAD,2026-08-07 13:15:00,2026-08-11 09:45:00,3 days 20:30:00,183,79000.0 / 79200.0,1,68.8,200.0,Target Hit (50% Premium Decay),35.7,17.85
SENSEX,CE_SPREAD,2026-08-07 13:33:00,2026-08-11 09:45:00,3 days 20:12:00,177,79000.0 / 79200.0,1,68.65,200.0,Target Hit (50% Premium Decay),35.55,17.78
SENSEX,CE_SPREAD,2026-08-07 13:45:00,2026-08-11 09:45:00,3 days 20:00:00,173,79000.0 / 79200.0,1,69.1,200.0,Target Hit (50% Premium Decay),36.0,18.0
SENSEX,CE_SPREAD,2026-08-07 14:09:00,2026-08-11 10:12:00,3 days 20:03:00,174,79000.0 / 79200.0,1,64.95,200.0,Target Hit (50% Premium Decay),32.9,16.45
SENSEX,CE_SPREAD,2026-08-07 14:33:00,2026-08-11 09:45:00,3 days 19:12:00,157,79000.0 / 79200.0,1,67.1,200.0,Target Hit (50% Premium Decay),34.0,17.0
SENSEX,CE_SPREAD,2026-08-10 09:54:00,2026-08-11 11:09:00,1 days 01:15:00,154,78900.0 / 79100.0,1,64.35,200.0,Target Hit (50% Premium Decay),32.8,16.4
SENSEX,CE_SPREAD,2026-08-10 10:57:00,2026-08-11 09:39:00,0 days 22:42:00,103,79100.0 / 79300.0,1,64.7,200.0,Target Hit (50% Premium Decay),34.6,17.3
SENSEX,CE_SPREAD,2026-08-11 09:18:00,2026-08-12 09:15:00,0 days 23:57:00,128,78800.0 / 79000.0,1,51.4,200.0,Target Hit (50% Premium Decay),33.65,16.83
SENSEX,CE_SPREAD,2026-08-11 09:21:00,2026-08-12 09:15:00,0 days 23:54:00,127,78800.0 / 79000.0,1,50.85,200.0,Target Hit (50% Premium Decay),33.1,16.55
SENSEX,CE_SPREAD,2026-08-11 09:45:00,2026-08-12 09:15:00,0 days 23:30:00,119,78700.0 / 78900.0,1,51.05,200.0,Target Hit (50% Premium Decay),26.4,13.2
SENSEX,CE_SPREAD,2026-08-11 09:54:00,2026-08-12 09:15:00,0 days 23:21:00,116,78700.0 / 78900.0,1,53.5,200.0,Target Hit (50% Premium Decay),28.85,14.42
SENSEX,CE_SPREAD,2026-08-11 10:09:00,2026-08-12 09:15:00,0 days 23:06:00,111,78700.0 / 78900.0,1,53.8,200.0,Target Hit (50% Premium Decay),29.15,14.58
SENSEX,CE_SPREAD,2026-08-11 10:24:00,2026-08-12 09:15:00,0 days 22:51:00,106,78700.0 / 78900.0,1,50.65,200.0,Target Hit (50% Premium Decay),26.0,13.0
SENSEX,CE_SPREAD,2026-08-11 10:27:00,2026-08-12 09:15:00,0 days 22:48:00,105,78700.0 / 78900.0,1,50.95,200.0,Target Hit (50% Premium Decay),26.3,13.15
SENSEX,CE_SPREAD,2026-08-11 10:39:00,2026-08-12 09:15:00,0 days 22:36:00,101,78700.0 / 78900.0,1,51.7,200.0,Target Hit (50% Premium Decay),27.05,13.52
SENSEX,CE_SPREAD,2026-08-11 10:51:00,2026-08-12 09:15:00,0 days 22:24:00,97,78700.0 / 78900.0,1,51.5,200.0,Target Hit (50% Premium Decay),26.85,13.43
SENSEX,CE_SPREAD,2026-08-11 11:03:00,2026-08-12 09:45:00,0 days 22:42:00,103,78600.0 / 78800.0,1,55.7,200.0,Target Hit (50% Premium Decay),28.2,14.1
SENSEX,CE_SPREAD,2026-08-11 11:12:00,2026-08-12 09:45:00,0 days 22:33:00,100,78600.0 / 78800.0,1,55.2,200.0,Target Hit (50% Premium Decay),27.7,13.85
SENSEX,CE_SPREAD,2026-08-11 11:33:00,2026-08-12 09:48:00,0 days 22:15:00,94,78600.0 / 78800.0,1,53.6,200.0,Target Hit (50% Premium Decay),28.15,14.08
SENSEX,CE_SPREAD,2026-08-11 12:03:00,2026-08-12 09:48:00,0 days 21:45:00,84,78600.0 / 78800.0,1,50.95,200.0,Target Hit (50% Premium Decay),25.5,12.75
SENSEX,CE_SPREAD,2026-08-11 12:54:00,2026-08-12 09:48:00,0 days 20:54:00,67,78600.0 / 78800.0,1,53.55,200.0,Target Hit (50% Premium Decay),28.1,14.05
SENSEX,CE_SPREAD,2026-08-11 13:00:00,2026-08-12 09:45:00,0 days 20:45:00,64,78600.0 / 78800.0,1,56.6,200.0,Target Hit (50% Premium Decay),29.1,14.55
SENSEX,CE_SPREAD,2026-08-11 15:36:00,2026-08-12 09:45:00,0 days 18:09:00,12,78700.0 / 78900.0,1,44.55,200.0,Target Hit (50% Premium Decay),23.5,11.75
SENSEX,CE_SPREAD,2026-08-11 15:39:00,2026-08-12 09:45:00,0 days 18:06:00,11,78700.0 / 78900.0,1,45.5,200.0,Target Hit (50% Premium Decay),24.45,12.23
SENSEX,CE_SPREAD,2026-08-12 09:18:00,2026-08-12 10:54:00,0 days 01:36:00,32,78500.0 / 78700.0,1,39.45,200.0,Target Hit (50% Premium Decay),20.0,10.0
SENSEX,CE_SPREAD,2026-08-12 09:39:00,2026-08-12 10:45:00,0 days 01:06:00,22,78600.0 / 78800.0,1,34.85,200.0,Target Hit (50% Premium Decay),18.85,9.42
SENSEX,CE_SPREAD,2026-08-12 09:48:00,2026-08-12 11:00:00,0 days 01:12:00,24,78500.0 / 78700.0,1,32.7,200.0,Target Hit (50% Premium Decay),17.45,8.72
SENSEX,CE_SPREAD,2026-08-12 10:00:00,2026-08-12 11:48:00,0 days 01:48:00,36,78400.0 / 78600.0,1,33.25,200.0,Target Hit (50% Premium Decay),16.7,8.35
SENSEX,CE_SPREAD,2026-08-12 10:03:00,2026-08-12 11:57:00,0 days 01:54:00,38,78400.0 / 78600.0,1,33.05,200.0,Target Hit (50% Premium Decay),16.9,8.45
SENSEX,CE_SPREAD,2026-08-12 11:54:00,2026-08-12 14:54:00,0 days 03:00:00,60,78200.0 / 78400.0,1,27.7,200.0,SL Hit (50% Premium Appreciation),-25.15,-12.58
SENSEX,CE_SPREAD,2026-08-12 12:00:00,2026-08-12 14:51:00,0 days 02:51:00,57,78200.0 / 78400.0,1,26.9,200.0,SL Hit (50% Premium Appreciation),-14.6,-7.3
SENSEX,CE_SPREAD,2026-08-12 12:15:00,2026-08-12 14:51:00,0 days 02:36:00,52,78100.0 / 78300.0,1,32.95,200.0,SL Hit (50% Premium Appreciation),-18.75,-9.38
SENSEX,CE_SPREAD,2026-08-12 12:45:00,2026-08-12 14:51:00,0 days 02:06:00,42,78200.0 / 78400.0,1,25.85,200.0,SL Hit (50% Premium Appreciation),-15.65,-7.83
SENSEX,CE_SPREAD,2026-08-12 12:51:00,2026-08-12 14:51:00,0 days 02:00:00,40,78100.0 / 78300.0,1,32.5,200.0,SL Hit (50% Premium Appreciation),-19.2,-9.6
SENSEX,CE_SPREAD,2026-08-12 13:12:00,2026-08-12 14:30:00,0 days 01:18:00,26,78100.0 / 78300.0,1,31.45,200.0,SL Hit (50% Premium Appreciation),-15.85,-7.93
SENSEX,CE_SPREAD,2026-08-12 13:21:00,2026-08-12 14:51:00,0 days 01:30:00,30,78200.0 / 78400.0,1,26.6,200.0,SL Hit (50% Premium Appreciation),-14.9,-7.45
SENSEX,CE_SPREAD,2026-08-12 13:30:00,2026-08-12 14:51:00,0 days 01:21:00,27,78200.0 / 78400.0,1,26.45,200.0,SL Hit (50% Premium Appreciation),-15.05,-7.52
SENSEX,CE_SPREAD,2026-08-12 13:45:00,2026-08-12 14:30:00,0 days 00:45:00,15,78100.0 / 78300.0,1,31.15,200.0,SL Hit (50% Premium Appreciation),-16.15,-8.08
SENSEX,CE_SPREAD,2026-08-12 14:27:00,2026-08-12 14:51:00,0 days 00:24:00,8,78200.0 / 78400.0,1,27.55,200.0,SL Hit (50% Premium Appreciation),-13.95,-6.98
SENSEX,PE_SPREAD,2026-08-13 14:21:00,2026-08-13 15:27:00,0 days 01:06:00,22,78100.0 / 77900.0,1,133.15,200.0,Target Hit (50% Premium Decay),112.7,56.35
SENSEX,PE_SPREAD,2026-08-13 14:42:00,2026-08-13 15:27:00,0 days 00:45:00,15,78100.0 / 77900.0,1,140.5,200.0,Target Hit (50% Premium Decay),120.05,60.02
SENSEX,PE_SPREAD,2026-08-13 15:03:00,2026-08-13 15:27:00,0 days 00:24:00,8,78100.0 / 77900.0,1,148.55,200.0,Target Hit (50% Premium Decay),128.1,64.05
SENSEX,PE_SPREAD,2026-08-13 15:15:00,2026-08-13 15:27:00,0 days 00:12:00,4,78100.0 / 77900.0,1,171.25,200.0,Target Hit (50% Premium Decay),150.8,75.4
SENSEX,PE_SPREAD,2026-08-13 15:18:00,2026-08-13 15:27:00,0 days 00:09:00,3,78100.0 / 77900.0,1,178.95,200.0,Target Hit (50% Premium Decay),158.5,79.25
SENSEX,PE_SPREAD,2026-08-13 15:27:00,2026-08-14 15:39:00,1 days 00:12:00,133,78100.0 / 77900.0,1,20.45,200.0,Data Ended,0.5,0.25
SENSEX,PE_SPREAD,2026-08-13 15:36:00,2026-08-14 15:39:00,1 days 00:03:00,130,78100.0 / 77900.0,1,19.95,200.0,Data Ended,0.0,0.0
