Symbol,Signal,Type,Entry Time,Exit Time,Bars in Trade,Strike Pair,Lot Size,Net Credit (₹),Capital Employed (₹),Exit Reason,PnL (₹),PnL (%)
NIFTY,Regular Bull (LL/HL),PE_SPREAD,2026-07-20 13:30:00,2026-08-14 15:39:00,2455,24350.0 / 24250.0,65,61.25,6500.0,Data Ended,-2528.5,-38.9
NIFTY,Hidden Bear (LH/HH),CE_SPREAD,2026-07-22 09:30:00,2026-07-23 12:24:00,183,24150.0 / 24250.0,65,34.6,6500.0,Target Hit (50% Premium Decay),1137.5,17.5
NIFTY,Regular Bull (LL/HL),PE_SPREAD,2026-07-22 13:15:00,2026-08-14 15:39:00,2210,24050.0 / 23950.0,65,52.75,6500.0,Data Ended,-747.5,-11.5
NIFTY,Hidden Bear (LH/HH),CE_SPREAD,2026-07-22 14:15:00,2026-07-23 14:48:00,136,24050.0 / 24150.0,65,36.8,6500.0,Target Hit (50% Premium Decay),1209.0,18.6
NIFTY,Hidden Bear (LH/HH),CE_SPREAD,2026-07-23 09:45:00,2026-07-24 09:15:00,115,24000.0 / 24100.0,65,33.45,6500.0,Target Hit (50% Premium Decay),1173.25,18.05
NIFTY,Hidden Bear (LH/HH),CE_SPREAD,2026-07-23 11:00:00,2026-07-23 14:48:00,76,24050.0 / 24150.0,65,36.55,6500.0,Target Hit (50% Premium Decay),1192.75,18.35
NIFTY,Regular Bear (HH/LH),CE_SPREAD,2026-07-23 11:45:00,2026-07-24 09:15:00,75,24000.0 / 24100.0,65,37.1,6500.0,Target Hit (50% Premium Decay),1410.5,21.7
NIFTY,Hidden Bear (LH/HH),CE_SPREAD,2026-07-24 13:30:00,2026-07-27 14:03:00,136,23850.0 / 23950.0,65,36.85,6500.0,SL Hit (100% Premium Appreciation),-2440.75,-37.55
NIFTY,Regular Bear (HH/LH),CE_SPREAD,2026-07-24 14:45:00,2026-07-27 14:03:00,111,23850.0 / 23950.0,65,37.2,6500.0,SL Hit (100% Premium Appreciation),-2418.0,-37.2
NIFTY,Hidden Bull (HL/LL),PE_SPREAD,2026-07-27 13:15:00,2026-08-14 15:39:00,1835,24050.0 / 23950.0,65,52.3,6500.0,Data Ended,-776.75,-11.95
NIFTY,Regular Bear (HH/LH),CE_SPREAD,2026-07-27 14:00:00,2026-07-28 10:03:00,46,24050.0 / 24150.0,65,23.2,6500.0,Target Hit (50% Premium Decay),906.75,13.95
NIFTY,Regular Bear (HH/LH),CE_SPREAD,2026-07-29 11:45:00,2026-08-03 09:15:00,325,24300.0 / 24400.0,65,38.75,6500.0,SL Hit (100% Premium Appreciation),-3259.1,-50.14
NIFTY,Regular Bear (HH/LH),CE_SPREAD,2026-07-29 12:45:00,2026-08-03 09:15:00,305,24300.0 / 24400.0,65,37.3,6500.0,SL Hit (100% Premium Appreciation),-3353.35,-51.59
NIFTY,Regular Bear (HH/LH),CE_SPREAD,2026-07-29 14:00:00,2026-08-03 09:15:00,280,24300.0 / 24400.0,65,41.65,6500.0,SL Hit (100% Premium Appreciation),-3070.6,-47.24
NIFTY,Regular Bear (HH/LH),CE_SPREAD,2026-07-29 15:15:00,2026-08-03 09:15:00,255,24300.0 / 24400.0,65,38.9,6500.0,SL Hit (100% Premium Appreciation),-3249.35,-49.99
NIFTY,Hidden Bull (HL/LL),PE_SPREAD,2026-07-30 11:15:00,2026-07-31 12:42:00,154,24300.0 / 24200.0,65,46.45,6500.0,Target Hit (50% Premium Decay),1540.5,23.7
NIFTY,Hidden Bull (HL/LL),PE_SPREAD,2026-07-30 15:00:00,2026-08-03 09:15:00,135,24350.0 / 24250.0,65,49.9,6500.0,Target Hit (50% Premium Decay),2814.5,43.3
NIFTY,Hidden Bear (LH/HH),CE_SPREAD,2026-07-31 11:15:00,2026-08-03 09:15:00,85,24400.0 / 24500.0,65,36.75,6500.0,SL Hit (100% Premium Appreciation),-2574.0,-39.6
NIFTY,Regular Bear (HH/LH),CE_SPREAD,2026-08-03 13:00:00,2026-08-04 11:30:00,99,24650.0 / 24750.0,65,18.5,6500.0,Target Hit (50% Premium Decay),610.35,9.39
NIFTY,Hidden Bull (HL/LL),PE_SPREAD,2026-08-03 15:00:00,2026-08-14 15:39:00,1175,24650.0 / 24550.0,65,54.05,6500.0,Data Ended,1244.75,19.15
NIFTY,Hidden Bull (HL/LL),PE_SPREAD,2026-08-04 11:30:00,2026-08-14 15:39:00,1116,24650.0 / 24550.0,65,59.9,6500.0,Data Ended,1625.0,25.0
NIFTY,Regular Bear (HH/LH),CE_SPREAD,2026-08-05 11:45:00,2026-08-11 09:15:00,466,24700.0 / 24800.0,65,36.75,6500.0,Target Hit (50% Premium Decay),1810.25,27.85
NIFTY,Regular Bear (HH/LH),CE_SPREAD,2026-08-06 12:15:00,2026-08-10 09:24:00,201,24750.0 / 24850.0,65,38.15,6500.0,Target Hit (50% Premium Decay),1280.5,19.7
NIFTY,Hidden Bear (LH/HH),CE_SPREAD,2026-08-06 15:00:00,2026-08-10 09:27:00,147,24750.0 / 24850.0,65,36.25,6500.0,Target Hit (50% Premium Decay),1222.0,18.8
NIFTY,Regular Bull (LL/HL),PE_SPREAD,2026-08-07 13:00:00,2026-08-14 15:39:00,699,24650.0 / 24550.0,65,52.25,6500.0,Data Ended,-3133.0,-48.2
NIFTY,Hidden Bull (HL/LL),PE_SPREAD,2026-08-10 14:00:00,2026-08-11 12:00:00,89,24650.0 / 24550.0,65,45.15,6500.0,SL Hit (100% Premium Appreciation),-2967.25,-45.65
SENSEX,Regular Bull (LL/HL),PE_SPREAD,2026-07-20 13:30:00,2026-07-23 09:39:00,296,78100.0 / 77900.0,20,116.35,4000.0,SL Hit (100% Premium Appreciation),-2377.0,-59.42
SENSEX,Regular Bear (HH/LH),CE_SPREAD,2026-07-21 10:00:00,2026-07-22 09:15:00,110,78100.0 / 78300.0,20,47.85,4000.0,Target Hit (50% Premium Decay),690.0,17.25
SENSEX,Regular Bull (LL/HL),PE_SPREAD,2026-07-21 12:15:00,2026-08-14 15:39:00,2350,78000.0 / 77800.0,20,140.3,4000.0,Data Ended,-1284.0,-32.1
SENSEX,Hidden Bear (LH/HH),CE_SPREAD,2026-07-21 14:15:00,2026-07-22 09:15:00,25,77900.0 / 78100.0,20,46.35,4000.0,Target Hit (50% Premium Decay),525.0,13.13
SENSEX,Regular Bull (LL/HL),PE_SPREAD,2026-07-22 13:15:00,2026-08-14 15:39:00,2205,77100.0 / 76900.0,20,138.35,4000.0,Data Ended,-1221.0,-30.52
SENSEX,Hidden Bear (LH/HH),CE_SPREAD,2026-07-22 14:15:00,2026-07-23 09:15:00,25,77200.0 / 77400.0,20,34.25,4000.0,Target Hit (50% Premium Decay),587.0,14.68
SENSEX,Hidden Bear (LH/HH),CE_SPREAD,2026-07-24 13:30:00,2026-07-29 09:15:00,290,76500.0 / 76700.0,20,76.45,4000.0,SL Hit (100% Premium Appreciation),-2171.0,-54.28
SENSEX,Hidden Bull (HL/LL),PE_SPREAD,2026-07-27 09:30:00,2026-07-29 09:15:00,245,77000.0 / 76800.0,20,109.5,4000.0,Target Hit (50% Premium Decay),1577.0,39.43
SENSEX,Hidden Bear (LH/HH),CE_SPREAD,2026-07-27 13:45:00,2026-07-29 09:15:00,160,77100.0 / 77300.0,20,67.95,4000.0,SL Hit (100% Premium Appreciation),-1500.0,-37.5
SENSEX,Regular Bear (HH/LH),CE_SPREAD,2026-07-28 09:45:00,2026-07-29 09:15:00,115,77300.0 / 77500.0,20,57.55,4000.0,SL Hit (100% Premium Appreciation),-1250.0,-31.25
SENSEX,Hidden Bull (HL/LL),PE_SPREAD,2026-07-28 10:45:00,2026-07-29 09:15:00,95,77300.0 / 77100.0,20,122.55,4000.0,Target Hit (50% Premium Decay),1330.0,33.25
SENSEX,Regular Bear (HH/LH),CE_SPREAD,2026-07-29 15:00:00,2026-07-30 09:15:00,10,78000.0 / 78200.0,20,44.65,4000.0,Target Hit (50% Premium Decay),571.0,14.28
SENSEX,Hidden Bull (HL/LL),PE_SPREAD,2026-07-30 11:15:00,2026-07-30 15:06:00,77,77900.0 / 77700.0,20,135.9,4000.0,Target Hit (50% Premium Decay),1705.0,42.62
SENSEX,Hidden Bull (HL/LL),PE_SPREAD,2026-07-30 15:15:00,2026-07-30 15:24:00,3,78000.0 / 77800.0,20,155.55,4000.0,Target Hit (50% Premium Decay),1993.0,49.82
SENSEX,Hidden Bull (HL/LL),PE_SPREAD,2026-08-03 09:45:00,2026-08-06 15:21:00,499,79000.0 / 78800.0,20,115.6,4000.0,Target Hit (50% Premium Decay),1784.0,44.6
SENSEX,Regular Bear (HH/LH),CE_SPREAD,2026-08-03 10:00:00,2026-08-04 13:30:00,199,79000.0 / 79200.0,20,67.15,4000.0,Target Hit (50% Premium Decay),689.0,17.23
SENSEX,Hidden Bear (LH/HH),CE_SPREAD,2026-08-03 11:30:00,2026-08-04 13:12:00,163,79000.0 / 79200.0,20,71.7,4000.0,Target Hit (50% Premium Decay),718.0,17.95
SENSEX,Hidden Bull (HL/LL),PE_SPREAD,2026-08-03 15:00:00,2026-08-06 15:21:00,394,79000.0 / 78800.0,20,111.2,4000.0,Target Hit (50% Premium Decay),1696.0,42.4
SENSEX,Regular Bear (HH/LH),CE_SPREAD,2026-08-04 10:00:00,2026-08-04 12:39:00,53,79100.0 / 79300.0,20,65.1,4000.0,Target Hit (50% Premium Decay),652.0,16.3
SENSEX,Hidden Bull (HL/LL),PE_SPREAD,2026-08-06 13:45:00,2026-08-06 15:21:00,32,79100.0 / 78900.0,20,122.55,4000.0,Target Hit (50% Premium Decay),1594.0,39.85
SENSEX,Hidden Bull (HL/LL),PE_SPREAD,2026-08-10 14:00:00,2026-08-12 13:15:00,243,78900.0 / 78700.0,20,106.6,4000.0,SL Hit (100% Premium Appreciation),-2567.0,-64.17
SENSEX,Hidden Bear (LH/HH),CE_SPREAD,2026-08-10 14:45:00,2026-08-11 11:00:00,54,78800.0 / 79000.0,20,78.45,4000.0,Target Hit (50% Premium Decay),787.0,19.67
SENSEX,Regular Bull (LL/HL),PE_SPREAD,2026-08-11 12:00:00,2026-08-14 15:39:00,461,78400.0 / 78200.0,20,110.1,4000.0,Data Ended,-1791.0,-44.77
SENSEX,Regular Bull (LL/HL),PE_SPREAD,2026-08-11 12:45:00,2026-08-14 15:39:00,446,78400.0 / 78200.0,20,102.95,4000.0,Data Ended,-1934.0,-48.35
SENSEX,Hidden Bull (HL/LL),PE_SPREAD,2026-08-11 14:45:00,2026-08-14 15:39:00,406,78500.0 / 78300.0,20,113.1,4000.0,Data Ended,-1732.0,-43.3
SENSEX,Regular Bull (LL/HL),PE_SPREAD,2026-08-12 10:00:00,2026-08-14 15:39:00,372,78200.0 / 78000.0,20,122.6,4000.0,Data Ended,57.0,1.43
